/*
Navicat MySQL Data Transfer

Source Server         : localhost
Source Server Version : 50505
Source Host           : localhost:3306
Source Database       : tp5

Target Server Type    : MYSQL
Target Server Version : 50505
File Encoding         : 65001

Date: 2016-10-30 14:44:30
*/

SET FOREIGN_KEY_CHECKS=0;

-- ----------------------------
-- Table structure for admin
-- ----------------------------
DROP TABLE IF EXISTS `admin`;
CREATE TABLE `admin` (
  `admin_id` int(11) unsigned NOT NULL AUTO_INCREMENT COMMENT '管理员ID',
  `admin_name` varchar(60) NOT NULL COMMENT '管理员名称',
  `admin_email` varchar(60) NOT NULL COMMENT '管理员邮箱',
  `admin_password` varchar(32) NOT NULL COMMENT '管理员密码',
  `admin_token` varchar(32) DEFAULT NULL COMMENT '管理员token',
  `admin_roleid` smallint(5) unsigned NOT NULL COMMENT '管理员角色ID',
  `admin_last_login` int(11) DEFAULT NULL COMMENT '管理员最后登录时间',
  `admin_login_ip` varchar(15) DEFAULT NULL COMMENT '管理员最后登录IP',
  `admin_right` text COMMENT '管理员权限',
  `create_time` int(11) unsigned zerofill DEFAULT NULL,
  `update_time` int(11) unsigned zerofill DEFAULT NULL,
  `admin_mobile` varchar(20) DEFAULT NULL,
  `admin_headpic` varchar(255) DEFAULT NULL,
  `admin_nickname` varchar(50) DEFAULT NULL,
  PRIMARY KEY (`admin_id`)
) ENGINE=InnoDB AUTO_INCREMENT=6 DEFAULT CHARSET=utf8;

-- ----------------------------
-- Records of admin
-- ----------------------------
INSERT INTO `admin` VALUES ('1', 'admin', 'admin@admin.com', 'admin', null, '1', null, null, null, null, null, null, 'http://www.tp5.com/static/img/headpic4.jpg', '超级管理员');
INSERT INTO `admin` VALUES ('2', 'ken', 'ken@admin.com', 'ken', null, '2', null, null, null, null, null, null, 'http://www.tp5.com/static/img/headpic1.jpg', '系统管理员1');
INSERT INTO `admin` VALUES ('3', 'yaoyon', 'yaoyon@admin.com', 'yaoyon', null, '2', null, null, null, null, null, null, 'http://www.tp5.com/static/img/headpic3.jpg', '系统管理员2');
INSERT INTO `admin` VALUES ('4', 'yaoyonstudio', 'yaoyonstudio@admin.com', 'yaoyonstudio', null, '2', null, null, null, null, null, null, 'http://www.tp5.com/static/img/headpic2.jpg', '系统管理员3');
INSERT INTO `admin` VALUES ('5', '', '', '', null, '0', null, null, null, null, null, null, null, null);

-- ----------------------------
-- Table structure for admin_role
-- ----------------------------
DROP TABLE IF EXISTS `admin_role`;
CREATE TABLE `admin_role` (
  `admin_role_id` int(10) unsigned NOT NULL AUTO_INCREMENT COMMENT '角色ID',
  `admin_role_name` varchar(30) NOT NULL COMMENT '角色名称',
  `admin_role_list` text COMMENT '权限列表',
  `admin_role_desc` varchar(255) DEFAULT NULL COMMENT '角色描述',
  `create_time` int(11) unsigned zerofill DEFAULT NULL,
  `update_time` int(11) unsigned zerofill DEFAULT NULL,
  PRIMARY KEY (`admin_role_id`)
) ENGINE=InnoDB AUTO_INCREMENT=6 DEFAULT CHARSET=utf8;

-- ----------------------------
-- Records of admin_role
-- ----------------------------
INSERT INTO `admin_role` VALUES ('1', '超级管理员', '所有权限', '最NB的', null, null);
INSERT INTO `admin_role` VALUES ('2', '系统管理员', '所有关于用户、资讯、商品的增、改、查权限', '这个是土豪', null, null);
INSERT INTO `admin_role` VALUES ('3', '用户管理员', '所有关于用户的权限（不含删除）', null, null, null);
INSERT INTO `admin_role` VALUES ('4', '新闻管理员', '所有关于新闻的权限（不含删除）', null, null, null);
INSERT INTO `admin_role` VALUES ('5', '商品管理员', '所有关于商品的权限（不含删除）', null, null, null);

-- ----------------------------
-- Table structure for config
-- ----------------------------
DROP TABLE IF EXISTS `config`;
CREATE TABLE `config` (
  `config_id` int(10) unsigned NOT NULL AUTO_INCREMENT,
  `config_key` varchar(64) NOT NULL COMMENT '配置项',
  `config_value` varchar(512) NOT NULL COMMENT '配置值',
  `config_group` varchar(64) NOT NULL COMMENT '配置分组',
  `config_desc` varchar(100) DEFAULT NULL COMMENT '配置描述',
  PRIMARY KEY (`config_id`)
) ENGINE=InnoDB DEFAULT CHARSET=utf8;

-- ----------------------------
-- Records of config
-- ----------------------------

-- ----------------------------
-- Table structure for news
-- ----------------------------
DROP TABLE IF EXISTS `news`;
CREATE TABLE `news` (
  `news_id` bigint(20) unsigned NOT NULL AUTO_INCREMENT COMMENT '新闻资讯ID',
  `cat_id` int(5) unsigned NOT NULL COMMENT '类别ID',
  `news_title` varchar(150) NOT NULL COMMENT '新闻摘要',
  `news_description` varchar(250) DEFAULT NULL COMMENT '新闻资讯描述',
  `news_keywords` varchar(250) DEFAULT NULL COMMENT '新闻资讯关键词',
  `news_content` longtext NOT NULL COMMENT '新闻资讯内容',
  `news_type` tinyint(1) unsigned NOT NULL,
  `news_isopen` tinyint(1) unsigned NOT NULL COMMENT '是否开启',
  `img_id` bigint(20) unsigned DEFAULT NULL COMMENT '缩略图',
  `news_souce` varchar(50) DEFAULT NULL COMMENT '来源',
  `news_soucelink` varchar(255) DEFAULT NULL COMMENT '来源网址',
  `news_file_url` varchar(255) DEFAULT NULL COMMENT '附件地址',
  `editor_id` int(11) unsigned NOT NULL,
  `news_hits` int(11) unsigned DEFAULT NULL COMMENT '点击量',
  `create_time` int(11) DEFAULT NULL,
  `update_time` int(11) DEFAULT NULL,
  `news_publish_time` int(11) DEFAULT NULL,
  `news_good_count` int(11) unsigned zerofill DEFAULT NULL COMMENT '好评数',
  `news_bad_count` int(11) unsigned zerofill DEFAULT NULL COMMENT '差评数',
  `news_isrecommend` tinyint(1) unsigned zerofill NOT NULL,
  PRIMARY KEY (`news_id`),
  KEY `editor_id` (`editor_id`),
  KEY `cat_id` (`cat_id`),
  CONSTRAINT `cat_id` FOREIGN KEY (`cat_id`) REFERENCES `news_categories` (`cat_id`),
  CONSTRAINT `editor_id` FOREIGN KEY (`editor_id`) REFERENCES `admin` (`admin_id`)
) ENGINE=InnoDB AUTO_INCREMENT=21 DEFAULT CHARSET=utf8;

-- ----------------------------
-- Records of news
-- ----------------------------
INSERT INTO `news` VALUES ('1', '1', '适时把自己归零', '做人，适时把自己“归零”，就会心胸开阔。人生，难免会有成功与失败、顺境与逆境。顺境时，把自己适时“归零”，可以戒骄戒躁，消除“骄娇”二气，不把成功和顺境当“包袱”背起来；逆境时，固然会失去很多，但能够在失去时勇于“归零”，才能重新面对自己，从头开始，积极奋斗。就像春节前的大扫除，把那些没用处的东西清除掉，把有用的珍品拂拭干净，就可以窗明几净、心情舒畅地迎接新春。', '新闻关键词,新闻关键词2', '<p>做人，适时把自己“归零”，就会心胸开阔。人生，难免会有成功与失败、顺境与逆境。顺境时，把自己适时“归零”，可以戒骄戒躁，消除“骄娇”二气，不把成功和顺境当“包袱”背起来；逆境时，固然会失去很多，但能够在失去时勇于“归零”，才能重新面对自己，从头开始，积极奋斗。就像春节前的大扫除，把那些没用处的东西清除掉，把有用的珍品拂拭干净，就可以窗明几净、心情舒畅地迎接新春。</p><p>其实，人生也像时钟一样，到了子夜就要“从零开始”，只有归零，才会有新的周期与辉煌。著名作家刘震云也说过：“归零心态就是把自己心灵里的一切清空，把已经拥有的一切剥除，一切归于零的心态。”实际上，无论何种境况，能适时把自己“归零”，总是海阔天空，心胸豁达。</p><p>越能够把自己“归零”的人反倒越不会“归零”，不断“归零”就是一种上升与提高，也是一种难得的积淀与涵养。“攥紧巴掌，手里什么都没有；张开双手，就会拥有整个世界。”做人适时“归零”，当然不是妄自菲薄或消极避世，而是持有人生的洒脱与从容，再去面对眼花缭乱的花花世界时，就会多一分明世的清醒，多一分心态的淡泊。</p><p>适时把自己“归零”，就会不断重新开始，永葆青春。人生最大的敌人莫过于自己。一个人是否成功，大抵决定于在不断把自己“归零”的过程中战胜自己。比如“升迁”作为诸多为官者竞取的目标，有些人忙活半天当不上官会痛心疾首、痛不欲生；有些人升迁之后却忘乎所以，以为官大本事长，独断专行，听不得不同意见，竟至出现重大失误被罢被免。道理很简单，升迁了，实际上正是一个“归零”的开始，重新确定前进目标，敢于从“一”做起，才能取得新的突破。又如，有些人取得了成绩或荣誉，却不把心态“归零”，不思进取，喜欢吹嘘，总是躺在成绩与荣誉上“睡大觉”，也就无法再次取得成功。反观一些原本做出过“贡献”的贪官堕入深渊的行径，无不是迈不过“利禄、地位、权色”这道“坎”，一失足遂成千古之恨。事实一次次警示我们，在人生的要紧几步，必须要有“归零”的心态，思想上“从零开始”，实践中“从零做起”。</p><p>放下“阶段胜利”的“包袱”，把心态调整到坐标原点，保持极为清醒冷静的头脑，辩证地看待已有的成绩，在人生的要紧处头脑清醒，明白自己究竟有多轻多重，知道自己到是谁，放下包袱，面对现实，才能永葆革命者的青春。</p><p>适时把自己“归零”，就会不断追求卓越。需要一步一个脚印地前行，不断把每迈出的一步都当作万里长征的“第一步”，也就是在一个成绩“归零”之后再赢得新的成绩。这取决于奋斗者的心态。一般说，有什么样的心态就有什么样的努力,有什么样的选择就有什么样的结果。要想获得事业的一次次成功，首先就要调整、完善、升华自己的心态。面对这个日新月异的世界，将心态归零，放下包袱，轻装上阵，把每一次成功都视为新的起点、新的希望、新的挑战，新的成功就会在不远处向你招手。智者说，心态归零，责任才能归位。把自己“归零”了，就会焕发一种高度的事业心和责任感，不等待、不埋怨、不消极。我们要奋发进取，永不满足，积极学习新事物，适应新环境，接受新挑战，创造事业的新成果。</p><p>适时把自己“归零”，体现了人生的大智慧、大聪明和大能力。在不断“归零”的基点上让人生重新起航，就一定会披荆斩棘，胜利到达理想的彼岸。</p>', '1', '1', '1', '腾讯网', 'http://www.qq.com', null, '1', '20', '1477647036', '1477647036', '1477647036', '00000000023', '00000000001', '1');
INSERT INTO `news` VALUES ('2', '2', '职场中，如何提升你的核心竞争力？', '都说职场是一场马拉松，也许起初的领先并不能代表什么。但我最近常常在思考，在职场中，我有什么样的价值？自己的核心竞争力到底是什么？我该如何提升竞争力呢？我简单的做了总结。', '新闻关键词,新闻关键词233', '<p style=\\\"text-align: center;\\\"><strong><span style=\\\"font-family: 微软雅黑; font-size: 14pt; color: #ff6600;\\\">一</span></strong></p><p>跟表妹小影一起吃晚餐，小影去年毕业，工作半年多的时间。她在一家网站公司做编辑。</p><p>她说，最近有一家公司，一直打电话，希望我过去上班，给的职位是后台主管，薪资也比现在多30%。</p><p>我了解了情况，这家网站公司A是去年六月份新成立的，主营业务跟她在职的公司B基本吻合，都是做地产广告的网站。</p><p>B公司里有小影之前的同事，他想小影能过去跟她一起工作。一个新的平台，可以有更多的发展机会，而且对比目前来讲待遇和职位也有所提高。</p><p>小影有些心动，她问我的意见。</p><p>我认真考虑了一下，我建议她还是留在目前这个公司。</p><p>我说，当你跳槽时，思考一下自己的核心竞争力是什么，自己的劣势和不足有哪些？</p><p>B公司之所以要你过去上班，首先是因为你目前工作的公司一家知名网站公司，你的平台带给你的优势。其次是因为你的工作态度和工作能力，得到了他人的认可。</p><p>新成立的公司固然是有更多的职位和更高的待遇，但是就目前来讲，你工作不到一年的时间，经验和能力尚有不足，而在一个大的平台上，有助于各种能力的提升。</p><p>同时除去平台带来的优势外，一定要注重培养自己竞争力。然后，你会发现以后的机会远远不止这些。</p><p>小影若有所思，她说，我之前考虑的就是毕业不到一年时间就可以升职，而且拿着比同学们高一些的待遇，沾沾自喜。但就我目前这个阶段来讲，多多学习，提升自己是最重要的。</p><p>是的，刚毕业时，我们要先储备自己，认识自己，提升自己。当你有足够的竞争力时，一定会有更好的发展。</p><p style=\\\"text-align: center;\\\"><span style=\\\"color: #ff6600;\\\"><strong><span style=\\\"font-family: 微软雅黑; font-size: 14pt;\\\">二</span></strong></span></p><p>和肖然相识是在一场面试上，几年前，我去找工作，前边儿排队的人很多，我就坐在角落的椅子上等待。一会儿，一个穿白色衬衣黑色鱼尾裙的姑娘坐到了我旁边。</p><p>我打量着眼前这位姑娘，她扎着马尾，露出光洁的额头，皮肤白而通透，干净利落的妆容。</p><p>等的时间久，我俩聊了起来。</p><p>那时她刚从北京回来C城工作，她说想找一份房地产销售的工作。而且必须是做别墅销售的。</p><p>我很好奇，问为什么是别墅呢？别墅卖起来比较慢，而且量很少。现在市场上高层刚需楼盘，卖的很火爆，你要是卖高层的话，资金回转快，你可以快速拿到提成，而且客户需求量很大，是可以赚很多钱的。</p><p>肖然看着我说，我有自己的目标，我目前就想卖别墅，积累一些经验，掌握高端客户的资源，慢慢的发展。我不想在该沉淀自己的时段里，急于选择去赚钱。</p><p>当时，我不认可肖然的观点。</p><p>做地产销售不就是为了赚钱么？她为什么不选择好出手，赚钱快的高层楼盘呢？</p><p>那次面试后，我和肖然刚好进入同一家公司，她如愿做了别墅楼盘的销售顾问，我继续做策划师。</p><p>两年来，我明显感觉到肖然的变化。我俩经常一起聊天。</p><p>她说，自己虽然只是一名最基层的销售顾问，但是由于面对的客户都是富豪阶层。所以为了和客户更多共同话题。必须从各方面提升自己。</p><p>她挤出时间去参加各种培训，奢侈品培训，红酒鉴赏，香水品鉴会，豪车试驾活动。然后常常看名人传记，财经频道。时刻关注时事，政治。</p><p>她学习茶艺，学打高尔夫。她把工作当成了提升自身素养的一个平台。</p><p>肖然说，我想和客户之间搭建起良好的沟通平台，和客户做朋友。我用心经营着这份工作，哪怕开始收益很少，但是我始终认为我选择的工作可以为自己带来更多的增值空间。</p><p>我想，像肖然这样目标明确的姑娘，一定会有丰富的收获。</p><p style=\\\"text-align: center;\\\"><strong><span style=\\\"font-family: 微软雅黑; font-size: 14pt; color: #ff6600;\\\">三</span></strong></p><p>工作四年后，别墅楼盘收尾。今年年后，肖然便跳槽到一家实力雄厚的地产企业，做客户部经理。主要负责高端客户维护及高端圈层活动，年薪飞跃。</p><p>肖然除了目标明确外，她还是个很有责任心的姑娘，而且亲和力强。<br />上周刚到新公司报到，然后就接到猎头的电话，另一家地产企业，也请她去做客户部经理。给的条件比这边更好一些。她拒绝了。</p><p>但对方公司人力资源总监为表诚意特地开车一个小时，过来邀请她一起吃午餐，然后再进一步谈谈工作。</p><p>人力总监言辞恳切，诚心诚意的为她规划了升职空间和发展前景。</p><p>但肖然依然拒绝了。</p><p>我问她为什么啊，挺好的一个机会，多可惜啊。</p><p>肖然说，既然我经过多个方面的考虑后，选择了这个企业。就应该认真负责的做下去。不能刚进入一家企业一周时间，就因更好的待遇而离开。在工作中，忠诚也是很重要的。</p><p>我对肖然的观点深表赞同。</p><p>职场中，除了工作能力之外，企业更重视稳定性和忠诚度。</p><p>肖然决定忠于自己的选择，并为之做出最大的努力。</p><p>关于肖然的工作历程，我认真思索了一番。</p><p>发现前几年一直做高层楼盘的销售顾问，是赚了一些钱，但随着地产市场的饱和，房产政策的调控，越来越难做。很多人纷纷转行。</p><p>肖然，前两年虽然基本上一直拿着微薄的底薪，但是她一步一步的提升自己，并维系着大量的高端客户资源，从而自身的价值愈发凸显。</p><p>退一步来讲，即使她不做地产行业，做汽车行业，珠宝行业，奢侈品行业她的价值依然凸显。</p><p>因为肖然懂得时时增加自己的竞争力，即使二十年后，她依然是企业抢着要的人才。</p><p style=\\\"text-align: center;\\\"><strong><span style=\\\"font-family: 微软雅黑; font-size: 14pt; color: #ff6600;\\\">四</span></strong></p><p>都说职场是一场马拉松，也许起初的领先并不能代表什么。</p><p>但我最近常常在思考，在职场中，我有什么样的价值？自己的核心竞争力到底是什么？</p><p><strong><span style=\\\"color: #ff6600;\\\">我该如何提升竞争力呢？我简单的做了总结。</span></strong></p><p><span style=\\\"color: #ff6600;\\\">一、思路清晰，无论何时，一定要知道自己想要的是什么。</span></p><p><span style=\\\"color: #ff6600;\\\">二、努力，踏实，认真。空杯心态，不管在什么位置，始终保持学习的习惯。</span></p><p><span style=\\\"color: #ff6600;\\\">三、做的比老板要求的多一些，把应该做的变成喜欢做的，自己养成一套良好的工作体系。</span></p><p><span style=\\\"color: #ff6600;\\\">四、增加专业知识的积累，多想，多做，多思考。提升自己的职业素养。</span></p><p><span style=\\\"color: #ff6600;\\\">五、学会建立自己的人脉资源，并懂得维护。</span></p><p><span style=\\\"color: #ff6600;\\\">六、要忠于自己的选择，忠于自己的团队。</span></p><p><span style=\\\"color: #ff6600;\\\">七、拓宽自己的视野，培养并坚持自己的兴趣爱好。相信内心强大而丰盈的人，不管处于那种境况下，都有着更多的工作机会。</span></p><p>我也试问自己，如果哪一天我不做现在这个工作了，我还能做什么？</p><p>如果哪一天有一个更好的工作机会摆在我面前，我又凭什么可以得到它？</p><p>我仍在寻找答案。</p><p>我希望不久后的某天，我可以自信的说，我有属于自己的核心竞争力，明天的道路光芒万丈。</p>', '1', '1', '2', '腾讯网', 'http://www.qq.com', '', '2', '20', '1477647036', '1477647036', '1477647036', '00000000023', '00000000001', '1');
INSERT INTO `news` VALUES ('3', '2', '职场上，能不能撕赢靠的是情商而不是嘴仗', '研究表明：那些性格内向的人，往往会在职场生产更大的效益。除了他们对自我的感知、深入思考的能力、善于倾听的好习惯外，更重要的是内向者往往有更高的情商，比起用嘴，他们更倾向于使用自己的大脑。这些性格特质，比起嘴仗，才是职场“撕赢”的关键。', '新闻关键词,新闻关键词245', '<p>我们总习惯赞赏“外向”的嘴仗派人士，“内向者无用”论在每个人的心中根深蒂固，八面玲珑巧舌如簧似乎才是现代社会的制胜宝剑。甚至你宅在家读书的时候，妈妈都会逼问：为什么不出去和小伙伴玩耍？</p><p>然而一个非常反常识的事实却是——</p><p>研究表明：那些性格内向的人，往往会在职场生产更大的效益。除了他们对自我的感知、深入思考的能力、善于倾听的好习惯外，更重要的是内向者往往有更高的情商，比起用嘴，他们更倾向于使用自己的大脑。这些性格特质，比起嘴仗，才是职场“撕赢”的关键。</p><p><span style=\\\"font-family: 微软雅黑; font-size: 14pt; color: #ff6600;\\\">1、学会控制情绪，没谁活该为谁的情绪买单</span></p><p>职场上，情绪化是最要不得的——没有谁愿意为谁的情绪买单，这更是非常不专业的表现。</p><p>那些能成大事的人，往往是理智型的人，而不是情绪化的。</p><p>优秀的人往往自我意识很强、很有自己的想法。但是，如果想从优秀再更进一步的话，那首先要成长为一个理智的人，遇事不慌乱。<br />工作中多少会遇到不顺心的事，是像泼妇一样骂街还是做个沉稳解决事情的人，前者后者谁更会受同事老板欢迎，一目了然。</p><p><span style=\\\"font-family: 微软雅黑; font-size: 14pt; color: #ff6600;\\\">2、听天由命不可取，争取机会才是真</span></p><p>“随它去吧”是很多人的口头禅，但是对有些人而言，小到一个坏掉的抽屉，大到一个影响整个部门工作流程的流水线，他们都不会置之不管，而是致力于解决他们。</p><p>优秀的人已经在解决问题的路上了，普通人还在逃避着问题。</p><p>当你的老板、同事把事情交给你之前，对你是有一个定位和预期的，他会在心里有个估测：你能做到怎么样的程度。</p><p>这种时候你就应该琢磨怎么能把事情做到120%，哪怕只是做个简单的Excel表格，发一封邮件，都一定有可以改进的地方。</p><p><span style=\\\"font-family: 微软雅黑; font-size: 14pt; color: #ff6600;\\\">3、不要一味Say Yes，也不要一味Say No</span></p><p>每件事都可以当作是一种锻炼，锻炼千万别怕多，锻炼越多，经验越多。你永远都不知道，今天的份外之事，明天会不会变成份内之事。</p><p>真正优秀的人，从来不会以“这不是我工作范围内的事情”作为推脱借口。</p><p>假设你现在做的事情只是一颗“螺丝钉”，那么这些份外之事刚好证明你可以做“螺丝钉”以外的事情，这样你才能获得更多大展宏图的机会。</p><p><span style=\\\"font-family: 微软雅黑; font-size: 14pt; color: #ff6600;\\\">4、情商高的人从不回避冲突</span></p><p>出现争议是不可避免的，不要主动创造冲突，但也不要刻意回避冲突，当它发生时，正确的做法是在明确表达个人立场的同时保持住镇定自若。<br />站在对方的角度看问题；</p><p>将自己放在次要的位置上，去思考产生冲突的原因和解决方案；</p><p>尽量避免使用“我”；</p><p>放低身段，但是在冷场，没人站出来的时候低调解决问题；</p><p>对客户、合作方事先做好充分的了解；</p><p>关注细节。</p><p><span style=\\\"font-family: 微软雅黑; font-size: 14pt; color: #ff6600;\\\">5、关注最重要的事别让“飞机坠落”</span></p><p>初入门的飞行员经常听到的一句话是，“周围事情再糟，也不要忘了开飞机这件事本身。”</p><p>空难的产生大多数时候都是因为在飞机降落时飞行员无法保持高度集中的注意力，难以对出现的问题进行及时判断分析。</p><p>你可能听说过东方航空401号班机空难：由于起落架出问题，整个机组都在处理起落架，而忘记对飞行高度进行控制，以致竟然没有人发现飞机在慢慢下降，直到警报器示警，飞行高度已经来不及调整了。造成了飞机解体爆炸的惨剧。</p><p>工作中，你能够理解“全神贯注开好飞机”的意义吗？不因为某些脾气暴躁的客户、小范围的争吵或者公司的咖啡机中换了一种咖啡豆而分心。清晰地辨别出哪些是核心问题，而哪些又是背景噪音——只关注最关键的那部分。</p><p>拿全世界最精英的行业之一——投行为例，投行人能在每周工作100小时以上还保持状态不挂掉的唯一要诀就是——了解事情的重点，知道如何分配精力。</p><p><span style=\\\"font-family: 微软雅黑; font-size: 14pt; color: #ff6600;\\\">6、你说的每句话都可能为其买单</span></p><p>确保你的每一次发言，你的每一次表现都一定是要经过思考的。</p><p>不要相信所谓的灵光乍现，那都是深思熟虑后和积累经验后的成果。</p><p>有些人在别人保持沉默时，能够说出自己的想法，不管是问出某个艰难或者尴尬的问题，还是挑战某个权威的决定。</p><p>然而，相信我，他们的行为一定是经过考虑过才做出的：他们会先考虑清楚，然后才选择最合适的时间地点说出自己的意见。</p><p><span style=\\\"font-family: 微软雅黑; font-size: 14pt; color: #ff6600;\\\">7、老板最讨厌这种人！千万别这么做</span></p><p>一个富有责任心、会为自己的工作所做出的决定以及所有后果承担起相应责任的人，和一个出了纰漏就推卸责任、说“这不是我的错”的人，如果你是一位管理者，你会更喜欢哪个？</p><p>工作中我们当然尽量不要犯错，但如果做错了，自己扛下来——上司最讨厌没有担当的人。</p><p>领导没义务为下属犯下的错误买单，同时作为下属，更需要主动地把事情做好。</p><p>一位老板说过这样的话：“I am your boss, not yourfriend.”（我是你的老板而非朋友）“We are a commercial operation, not aneducation institution.”（我们是商业组织，而不是教育机构）</p><p><span style=\\\"font-family: 微软雅黑; font-size: 14pt; color: #ff6600;\\\">8、做个“耐撕”的人真的挺重要</span></p><p>每个人都遇到过不少难搞的人，与这些人打交道实在是一件费时费力的事情。</p><p>而高情商的人，往往能够通过保持个人的良好情绪，与这些“刺儿头”来回磨。他们会尽可能理智地处理一切状况、控制好自己的个人情绪，不让自己的愤怒与沮丧情绪火上浇油。</p><p>他们也能够客观考虑对方的观点，从共同利益出发找到合适的解决办法。</p><p>大部分人都并不掌握敲代码技能，或有亮眼的MBA学历。</p><p>但是，如果将超强的工作能力、高效忠诚敬业的职业精神，和高情商三者集齐，你没有理由不能够脱颖而出。</p><p>&nbsp;</p>', '1', '1', '3', '腾讯网', 'http://www.qq.com', '', '2', '20', '1477647036', '1477647036', '1477647036', '00000000023', '00000000001', '1');
INSERT INTO `news` VALUES ('4', '1', '史上最完整的团队管理手册', '企业运营与管理是个“细活儿”，你必须拿捏好管理松与紧的分寸，把握好尺度：过松导致员工精神的散漫和局面的失控，过紧又会扼杀激情和创造力。一松一紧之间，体现了运营与管理艺术的境界。', null, '<p>企业运营与管理是个“细活儿”，你必须拿捏好管理松与紧的分寸，把握好尺度：过松导致员工精神的散漫和局面的失控，过紧又会扼杀激情和创造力。一松一紧之间，体现了运营与管理艺术的境界。</p><p>高效地管理员工有难度，但也并非做不到，关键是要找到规律、遵循规律。按照规律管理员工，难以驯服的员工会变的温顺，低效的团队会变地生机勃勃。管理没有捷径可走。</p><p><span style=\\\"font-family: 微软雅黑; font-size: 14pt; color: #ff6600;\\\">１、树立制度高于一切的管理思想</span></p><p>制度是保障一个组织正常运行的基石。随意践踏制度的管理注定是失败的管理。管理者最忌讳而又最容易犯的错误就是把个人意志凌驾于制度之上，长此以往，制度形同虚设，员工的行为、组织的运行必然产生不可逆转的偏差。</p><p>1、建立健全组织结构<br />2、建立严格的用人制度<br />3、设计好薪酬制度<br />4、建立竞争机制<br />5、制度的建立和完善应始终放在首位<br />6、坚决抛弃法不责众的思维定式<br />7、制度下以身作则</p><p><span style=\\\"font-family: 微软雅黑; font-size: 14pt; color: #ff6600;\\\">2、有威信，管理才会出成效</span></p><p>制度是管理的一根标杆，但有了制度、按制度办事并不意味着一切问题都解决了，管理者的个人威信对管理的成效也有着举足轻重的影响。当然，树立威信不是一朝一夕的。需要管理者多个方面把握好自己。</p><p>1、威信是管理者的第一要素<br />2、树立威信要有战术<br />3、慎重表态，说道就要做到<br />4、用自己的风格感染下属<br />5、适当时候要“御驾亲征”<br />6、千万不能感情用事<br />7、面对压力自己扛<br />8、不做假公济私有损个人形象的事<br />9、坚决拆散小圈子<br />10、适度的发发火<br />11、距离产生威严<br />12、对于下属恩威并用</p><p><span style=\\\"font-family: 微软雅黑; font-size: 14pt; color: #ff6600;\\\">3、一碗水端平，应是管理者牢记的管理要诀</span></p><p>其实，一般员工对管理者的要求并不高，很容易得到满足，你只要做到了公平公正地对待每一位员工，准确、客观地评价员工的工作表现，他就很愿意服从你的管理。“一碗水端平”是老百姓常念叨的一句俗话，而这也正是管理者应该常念的管理要决。</p><p>1、公正比公平更重要<br />2、处理员工之间的矛盾要先给矛盾分类<br />3、艺术性的决绝冲突<br />4、学会减少与员工利益上的冲突<br />5、认清帮派的危害<br />6、用竞争取代“内耗”</p><p><span style=\\\"font-family: 微软雅黑; font-size: 14pt; color: #ff6600;\\\">4、和谐的上下级关系是提高管理效率的润滑剂</span></p><p>如果下属对上司心存反感，有一肚子的意见，那么管理者的管理成效大打折扣；相反，如果上下级之间关系和谐，下属总是心情愉快的接受任务，并尽心竭力的去完成任务，结果自然大相径庭。作为管理者要懂得关心、爱护下属，做员工的贴心人，这样，和谐的上下级关系就会不期而至。</p><p>1、站在员工的立场考虑问题<br />2、不要在危机时抛弃下属<br />3、关键时刻给予下属必要的帮助<br />4、当好员工的“家长”<br />5、让企业中充满人情味<br />6、适当的时候放下自己的“架子”<br />7、记住员工的姓名<br />8、了解员工的性格<br />9、对员工进行感情管理<br />10、了解员工的满意度</p><p><span style=\\\"font-family: 微软雅黑; font-size: 14pt; color: #ff6600;\\\">5、顺畅的沟通可以避免管理的滞碍</span></p><p>一提到沟通，有的管理者便大摇其头：我下达命令下面执行就是了，沟通不沟通并不重要；再说，我每天需要处理的事情千头万绪，哪里有时间去沟通呢？其实，管理者的这一普通想法是造成管理过程中产生诸多滞碍的原因之一。没有沟通，就是无法了解下属的真实想法和企业运行的真实情况，且人为地拉大了与员工之间的距离，实在是高明的管理者所不可取的一种做法。</p><p>1、保证有效沟通，做到信息共享<br />2、在沟通中听比说更重要<br />3、拓宽上下沟通的渠道<br />4、善于听取意见就能发挥员工潜能<br />5、把快乐与下属一起分享<br />6、勇于认错是实现良性沟通的好方式</p><p><span style=\\\"font-family: 微软雅黑; font-size: 14pt; color: #ff6600;\\\">6、要给予下属发表个人意见的机会</span></p><p>普通员工有没有发表个人意见的权力和机会，是衡量一个组织是否良性运转的标准之一。管理者要营造一个所有人都能畅所欲言的管理气氛，这样，组织中的每个人都会觉得自己是其中重要的一员，会心情舒畅地干好自己的工作，这往往一些严厉的管理措施要有效得多。</p><p>1、营造让下属大胆开口的氛围<br />2、让员工了解实际情况<br />3、识别员工的不满<br />4、正确对待员工的不满<br />5、认真听取员工的怨言</p><p><span style=\\\"font-family: 微软雅黑; font-size: 14pt; color: #ff6600;\\\">7、恰当的激励是高效管理的杀手锏</span></p><p>每一位管理者都希望下属百分之百的投入工作，高效率地完成工作。但同时管理者们应该明白，员工的工作成效与你使用什么样的激励手段有直接的关系。以高压、逼迫式的管理取胜的时代早已过去了，采取恰当的激励手段，是现代管理者提高管理效率的杀手锏。</p><p>1、以恰当的激励手段激发出业务骨干的工作能力<br />2、给下属的优异表现以诚心诚意的赞美<br />3、重奖有功者拉动人心的好方法<br />4、要掌握好奖与罚的时机和方法<br />5、建立一个高效的激励系统<br />6、调动员工们的积极性<br />7、充满诱惑力的“头衔”激励<br />8、激励无效就得找原因<br />9、不能搞平均主义<br />10、金钱激励与精神激励相结合</p><p><span style=\\\"font-family: 微软雅黑; font-size: 14pt; color: #ff6600;\\\">8、正确看待下属的长处和短处</span></p><p>尺有所短，寸有所长，如果管理者只盯着下属的短处，那么他浑身都是短处，相应的，你对员工的态度也就只有批评、惩罚。这是一种极端消极的管理思维，避其所短，用其所长，才是高明管理者的管理之道。</p><p>1、巧施容短护短之技<br />2、不要轻易否定下属<br />3、对下属要多看优点少看缺点<br />4、要正确对待反对过自己的人<br />5、让下属的缺点也能为我所用</p><p><span style=\\\"font-family: 微软雅黑; font-size: 14pt; color: #ff6600;\\\">9、批评讲方法是管理艺术的精髓之一</span></p><p>作为领导，管理者难免要批评下属，但决不能简单化的看待批评。批评的目的是为了指出缺点、错误，并期待改正，如果你的批评只是指出错误，或者仅是个人情绪的宣泄，而未达到让被批评者改正，让其他人警惕的目的，这就是一种失败的批评。所以批评是要讲方法的，它是管理艺术的精髓之一。</p><p>1、认真地对待批评员工的方式问题<br />2、批评所要注意方式方法<br />3、带着爱心去批评<br />4、委婉地指出错误更容易让人接受<br />5、不要当众失责下属<br />6、简短有力的批评更有效<br />7、用“表扬”来批评<br />8、“狠批”勿忘善后</p><p><span style=\\\"font-family: 微软雅黑; font-size: 14pt; color: #ff6600;\\\">10、该出手时要敢出重拳</span></p><p>哪个单位都会有那么一些“刺头”式的人物，什么时候可能会出现严重危害管理局面的问题，对此，管理者来不得半点犹豫，要敢于出手，而且一出手就要出重拳，力求一击而中，一击就能解决问题。</p><p>1、该果断时绝不可犹豫<br />2、以明确态度矫正下属的错误<br />3、原则问题上不能做墙头草<br />4、以有效方法让狂傲者俯首听命<br />5、大胆挥起“解雇”这个杀威棒<br />6、不妨迁就一阵，也不妨威慑一次</p><p><span style=\\\"font-family: 微软雅黑; font-size: 14pt; color: #ff6600;\\\">11、不懂得授权就无法走上管理的快车道</span></p><p>却是个巨大的纰漏。因为这会让所有的下属都变成缺乏活力和自主精神的应声虫。老板累死、员工闲死，不懂得授权的管理者会在“兢兢业业”中把企业或一个部门带上慢车道。</p><p>1、管理者不能凡事都亲历亲为<br />2、不懂得授权就不是合格的管理者<br />3、给下属授权要讲究策略和技巧<br />4、授权时大权力小权力应区别对待<br />5、大度升职，让员工都当老板<br />6、要坚决清除合理授权的诸多障碍<br />7、在对下属的支持中把授权落在实处</p><p><span style=\\\"font-family: 微软雅黑; font-size: 14pt; color: #ff6600;\\\">12、授权者的监管必不可少</span></p><p>对于大多数普通员工来说，物质待遇方面的要求是最基本、也是相当重要的，但如果把物质需求看作员工的唯一需求并以此知道管理思路，那就大错特错了。满足了基本的物质需求之后，精神层面才是真正能够打开管理之门的金钥匙。</p><p>1、把团队的管理目标与员工个人目标统一在一起<br />2、最需要培育的是员工的信念和精神<br />3、通过提升精神档次来提高员工的工作成效<br />4、把建设管理道德作为提高管理能力的重中之重<br />5、把握员工心态等于找到了提高管理成效的金钥匙<br />6、通过企业文化建设提升员工、企业的战斗力</p><p><span style=\\\"font-family: 微软雅黑; font-size: 14pt; color: #ff6600;\\\">13、从精神层面入手是打开管理之门的金钥匙</span></p><p>对于大多数普通员工来说，物质待遇方面的要求是最基本、也是相当重要的，但如果把物质需求看作员工的唯一需求并以此知道管理思路，那就大错特错了。满足了基本的物质需求之后，精神层面才是真正能够打开管理之门的金钥匙。</p><p>1、把团队的管理目标与员工个人目标统一在一起<br />2、最需要培育的是员工的信念和精神<br />3、通过提升精神档次来提高员工的工作成效<br />4、把建设管理道德作为提高管理能力的重中之重<br />5、把握员工心态等于找到了提高管理成效的金钥匙<br />6、通过企业文化建设提升员工、企业的战斗力</p><p><span style=\\\"font-family: 微软雅黑; font-size: 14pt; color: #ff6600;\\\">14、合理地选拔、使用人才是管理者的必备素质</span></p><p>管理管什么？自然是人，不同的人以同样的手段不管理，结果会大不一样，这就是选拔和使用人才的差别。所以高明的管理者会从用人开始来贯彻自己的管理理念。选用人才最重要的是做到“合理”二字，能做到这两个字，管理者才能说具备了基本的管理素质。</p><p>1、选好人才能用好才<br />2、不遗余力地留住优秀的人才<br />3、要挖人就要舍得付出<br />4、用人不妨适时“中庸”<br />5、用人要量才适用、扬长避短<br />6、管理者要区别对待新老员工</p><p><span style=\\\"font-family: 微软雅黑; font-size: 14pt; color: #ff6600;\\\">15、对重要员工要有特殊的胸怀</span></p><p>重要的员工大都是能人，能人身上又大都有一些孤傲之气，怎样使用这样的人是考校管理能力的一个标尺。对这样的人如能用得好，他会发挥巨大的能量，而用好这样的人没有能够容人的宽大胸怀是很难做到的。</p><p>1、高薪未必能留人<br />2、找到员工流失的原因<br />3、用好另类的“能人”<br />4、暖话留人更有效<br />5、用“技术级别”留人<br />6、让员工对未来充满希望<br />7、适当做出让步</p><p><span style=\\\"font-family: 微软雅黑; font-size: 14pt; color: #ff6600;\\\">16、最大限度地释放团队的能量</span></p><p>在美国NBA的球队当中，如果球员之间配合默契，就会说这是一支发生了化学反应的球队。这样的球队可能没有超级巨星，但胜率往往是最高的。一个好的管理者就是要有点石成金的手段，让下属之间产生化学反应，从而最大限度地释放团队的能量。</p><p>1、要建立坚固的管理团队<br />2、团队精神是团队稳定的保证<br />3、员工的团结是塑造团队精神的前提<br />4、让团队中的合作与独立相平衡<br />5、鼓励主动工作<br />6、激发创造性，鼓励创新</p><p><span style=\\\"font-family: 微软雅黑; font-size: 14pt; color: #ff6600;\\\">17、柔比硬有时能产生更佳的管理效果</span></p><p>硬更有力量，这是生活中的常识，但在管理工作中一味强硬效果未见得更好，相反，一些相对柔和、温情、人性化的方式反而令下属成服。俗话说人心都是肉长的，当你面对一颗颗滚烫的人心时，柔，确实更有穿透力。</p><p>1、学会以柔克刚的管理术<br />2、领导者先要管好自己的脾气<br />3、把反对者变成拥护者才算真本事<br />4、给犯错误的下属戴罪立功的机会<br />5、通过化解矛盾调动下属的积极性<br />6、“戴高帽子”是一种聪明的管理术</p><p><span style=\\\"font-family: 微软雅黑; font-size: 14pt; color: #ff6600;\\\">18、把握好松与紧的管理尺度</span></p><p>管理者必须是个明白人：洞悉真伪，明查优劣；管理者又必须是个糊涂人：该避的避，该让的让。管理者做到明白容易，做到糊涂很难，因为前者需要的是能力、学识，而后者则需要一种博大的胸怀。</p><p>1、有些事情确实需要装糊涂<br />2、要装糊涂而不要真糊涂<br />3、利用模糊思维，巧妙回避问题<br />4、推功揽过也是一种“糊涂术”<br />5、切忌与员工抢功</p><p><span style=\\\"font-family: 微软雅黑; font-size: 14pt; color: #ff6600;\\\">19、装糊涂能让你管得更明白</span></p><p>管理者必须是个明白人：洞悉真伪，明查优劣；管理者又必须是个糊涂人：该避的避，该让的让。管理者做到明白容易，做到糊涂很难，因为前者需要的是能力、学识，而后者则需要一种博大的胸怀。</p><p>1、有些事情确实需要装糊涂<br />2、要装糊涂而不要真糊涂<br />3、利用模糊思维，巧妙回避问题<br />4、推功揽过也是一种“糊涂术”<br />5、切忌与员工抢功</p><p><span style=\\\"font-family: 微软雅黑; font-size: 14pt; color: #ff6600;\\\">20、细节管到位事情才能做到位</span></p><p>管理者不仅要管大事，还要管小事。这与前面提倡的授权之道也并不矛盾，因为一些细节和小事同样非常重要，是问题的纲要所在。纲举才能目张，把这些重要的细节管到位，事情就能做到位。</p><p>1、对待管理中的小事要控制好感情<br />2、领导工作不能忽略下属的个性<br />3、背后批评下属是愚蠢的表现<br />4、以正确的方式释放积极的信号<br />5、工作中注意一言一行的细节</p><p><span style=\\\"font-family: 微软雅黑; font-size: 14pt; color: #ff6600;\\\">21、用不一样的手段追求不一样的管理效果</span></p><p>管理需要“手段”，这一点毋庸讳言，因为管理者面对的是纷繁复杂的情况，常常需要解决一些难以解决的问题，一概以简单、明白的方式去管理会置自己于被动的地位。这个时候，用一些招法，要一点手段，只要并非以害人整人而是以解决问题为目的，也就没有什么不好。</p><p>1、学会控制一下自己的形色<br />2、刚升职的管理者为什么变“傲”了<br />3、不要轻视“推”的作用</p><p><span style=\\\"font-family: 微软雅黑; font-size: 14pt; color: #ff6600;\\\">22、通过培训不断提升整体竟争力</span></p><p>很多管理者才华横溢，能力超群，但他们在员工培训方面的认识与实践却与现代管理制度的要求相差甚远，甚至对员工培训特有消极态度。其实，培训是一种回报很高的投资，如果管理者对员工培训不予重视，企业要想持久发展是不可能的。</p><p>1、岗位再培训同样重要<br />2、边干边学言传身教<br />3、把继续学习看成工作需要<br />4、让员工通过培训实现自我提高<br />5、确立长期的人才培养计划</p><p>&nbsp;</p>', '1', '1', '4', '腾讯网', 'http://www.qq.com', '', '3', '20', '1477647036', '1477647036', '1477647036', '00000000023', '00000000001', '1');
INSERT INTO `news` VALUES ('5', '2', '时间带不走真正的朋友', '时间，带不走真正的朋友；岁月，留不住虚幻的拥有。时光转换，体会到缘分善变；平淡无语，感受了人情冷暖。有心的人，不管你在与不在，都会惦念；无心的情，无论你好与不好，只是漠然。走过一段路，总能有一次领悟；经历一些事，才能看清一些人。', null, '<p>时间，带不走真正的朋友；岁月，留不住虚幻的拥有。时光转换，体会到缘分善变；平淡无语，感受了人情冷暖。有心的人，不管你在与不在，都会惦念；无心的情，无论你好与不好，只是漠然。走过一段路，总能有一次领悟；经历一些事，才能看清一些人。</p><p>真正的朋友；无需想起，因为从未忘记；不离不弃的，才是真朋友；不见不散的，才是真守候。</p><p>生活，就像是一条河流，无论前方是潮平岸阔还是暗礁密布，你只许往前走，不允许往后退。从跌倒后哭哭啼啼的不知所措，到奔跑时脸蛋上那自豪的微笑，不经历跌倒的孩子永远也学不会走路。 　　成功的路上，必定有鲜花，也有荆棘；有欢笑，也有眼泪；有梦，当然也有梦破碎的时候……人生的道路也总会有许多坑坑洼洼，摔倒后，每一次的抱怨和愤懑，会停滞你前行的步伐，而每一次的接受和改变，将激励你勇往直前。</p><p>人在落魄时，才知道谁的手最暖；情在吵架时，才明白谁的心最软。一个只懂流血却为你流了泪的人，是肝胆相照的朋友；一个只知流泪却为你流了血的人，是相濡以沫的爱人。真正的朋友，不是得意时有多少人追捧，而是在失意时愿意无求的帮助；真正的感情，不是海枯石烂的甜言蜜语，而是在穷困潦倒时愿随你颠沛流离。很多时候，人在最深的绝望里，能看到的往往是最美的风景！</p><p>生活，就像是一条河流，无论前方是潮平岸阔还是暗礁密布，你只许往前走，不允许往后退。从跌倒后哭哭啼啼的不知所措，到奔跑时脸蛋上那自豪的微笑，不经历跌倒的孩子永远也学不会走路。 　　成功的路上，必定有鲜花，也有荆棘；有欢笑，也有眼泪；有梦，当然也有梦破碎的时候……人生的道路也总会有许多坑坑洼洼，摔倒后，每一次的抱怨和愤懑，会停滞你前行的步伐，而每一次的接受和改变，将激励你勇往直前。</p><p>得意时，朋友认识了你；落难时，你认识了朋友。只有在落魄时才懂，愿拉你一把的人何其少。只有在最穷时才懂，再好的感情也难敌现实，人不贪钱却都怕吃苦。只有在漫长生活里才懂，人人能爱你却少人愿忍你。</p><p>所以，这世上最要珍惜的是这三种人：雪中送炭的朋友、愿陪你走过贫苦的女人、样样都忍你的男人。</p><p>生活，就像是一条河流，无论前方是潮平岸阔还是暗礁密布，你只许往前走，不允许往后退。从跌倒后哭哭啼啼的不知所措，到奔跑时脸蛋上那自豪的微笑，不经历跌倒的孩子永远也学不会走路。 　　成功的路上，必定有鲜花，也有荆棘；有欢笑，也有眼泪；有梦，当然也有梦破碎的时候……人生的道路也总会有许多坑坑洼洼，摔倒后，每一次的抱怨和愤懑，会停滞你前行的步伐，而每一次的接受和改变，将激励你勇往直前。</p><p>真正的朋友，就是离别时，满不在乎，相互鼓励说，告诉对方一定会怎样，然而分开后却无限思念对方；真正的朋友就是在你困难的时候帮助你，却不需要回报的那个人；真正的朋友永远不会让你掉眼泪！</p><p>你难受时，他也难受，你开心的时候他也开心，他就是第二个你，在他身上你能看到自己的缩影！简单地说，我认为真正的朋友就是能够彼此欣赏、彼此真诚、彼此信任、彼此理解以及彼此的宽容！永远都想把他当成自己的那个人！真正的朋友其实每个人心里都有自己的定义，但最重要的却是无论是否引起误会却都能真心为你着想的人……</p><p>真正的朋友，心有灵犀，无关酒肉，无关利益，无关高低，无关贵贱，没有时空阻隔，是心灵的默契，是性情的相投，是灵魂的依附，是心心的通融。真正的朋友，相知相识、相交相接，一如日月之行，无论风云变幻，终不减其辉映。真正的朋友，无须相从过密，不用推杯换盏，没有繁文缛节，没有利益交换，彼此之间无欲无求，心照不宣。</p><p>生活，就像是一条河流，无论前方是潮平岸阔还是暗礁密布，你只许往前走，不允许往后退。从跌倒后哭哭啼啼的不知所措，到奔跑时脸蛋上那自豪的微笑，不经历跌倒的孩子永远也学不会走路。</p><p>成功的路上，必定有鲜花，也有荆棘；有欢笑，也有眼泪；有梦，当然也有梦破碎的时候……人生的道路也总会有许多坑坑洼洼，摔倒后，每一次的抱怨和愤懑，会停滞你前行的步伐，而每一次的接受和改变，将激励你勇往直前。</p><p>真正的朋友，一杯清水，一句口信，甚至一个念头，便可身心相托。真正的朋友，是美好人格的际遇，如花开一般自然，如晨露接纳朝阳一般磊落。真正的朋友，相知如镜，相敬如宾！真正的朋友，贵精而不贵多，贵诚而不贵诈。</p><p>真正的朋友，是一种高尚的人格魅力的感召，是两个灵魂同时飘香的体现，是灵魂的芬芳！真正的朋友，是君子之交淡如水，平平淡淡才是真。</p><p>真正的朋友，就是互相信任，在关键时候能一无反顾地帮助你的人。</p><p>真正的朋友，就得肝胆相照，在朋友无助时能伸出无私的手。</p><p>真正的朋友，就是要相互多为对方考虑，不能光顾自己，不想朋友。</p><p>真正的朋友，可以帮你认清自己的缺点和优点。</p><p>真正的朋友，是当你落魄时仍然对你一如既往，当你辉煌时不改初衷。</p><p>真正的朋友，你伤心时能陪你哭，当你笑时会为你开心。</p><p>真正的朋友，是可以心换心的，每当你烦恼时他会站出来帮你分担。</p><p>真正的朋友，是不会抛弃你的，更不会出卖你陷害你的。真正的朋友，是你自己努力争取得来的，而不是随便交来的。真正的朋友，是能与你“有福共享有难同当”之人，不为一己之私出卖你，处处还要为你着想的人。真正的朋友，是在你悲伤无助的时候，给你安慰与关怀；在你失望彷徨的时候，给你信心与力量；在你成功欢乐的时候，分享你的胜利和喜悦。</p><p>在人生旅途上，尽管有坎坷、有崎岖，但有真正的朋友在，就能给你鼓励、给你关怀，并且帮你度过最艰难的岁月。<br />真正的朋友；无需想起，因为从未忘记。</p>', '1', '1', '1', '腾讯网', 'http://www.qq.com', '', '1', '20', '1477647036', '1477647036', '1477647036', '00000000023', '00000000001', '1');
INSERT INTO `news` VALUES ('6', '3', '太聪明的人往往是失败的', '我们常以智商来决定一个人聪明与否，但再聪明的人也有其短，再笨的人也有一长。但实际上，凡事都是学习而来的，只要肯花功夫学，一定能在某一领域有所发挥。', null, '<blockquote><p>我们常以智商来决定一个人聪明与否，但再聪明的人也有其短，再笨的人也有一长。但实际上，凡事都是学习而来的，只要肯花功夫学，一定能在某一领域有所发挥。</p></blockquote><p><span style=\\\"font-family: 微软雅黑; font-size: 14pt; color: #ff6600;\\\">有傻瓜的地方才会发生奇迹</span></p><p>印度有一位知名的哲学家，气质高雅，因此成为很多女人的偶像。某天，一个女子来拜访他，她表达了爱慕之情后说：“错过我，你将再也找不到比我更爱你的女人了！”</p><p>哲学家虽然也很中意她，但仍习惯性地回答说：“容我再考虑考虑！”事后，哲学家用他一贯研究学问的精神，将结婚和不结婚的好处与坏处，分条罗列下来，结果发现好坏均等，究竟该如何抉择？他因此陷入了长期的苦恼之中。</p><p>最后，他终于得出一个结论──人若在面临抉择而无法取舍的时候，应该选择自己尚未经历过的那一个。不结婚的状况他是清楚的，但结婚后会是个怎样的情况，他还不知道。对！应该答应那个女人的请求。</p><p>哲学家来到女人的家中，问她的父亲：“你的女儿呢？请你告诉她，我考虑清楚了，我决定娶她为妻！” 女人的父亲冷冷地回答：“你来晚了十年，我女儿现在已经是三个孩子的妈了！”</p><p>哲学家听了，整个人几乎崩溃，他万万没有想到，他向来引以为傲的精明头脑，最后换来的竟然是一场悔恨。此后，哲学家抑郁成疾，临死前，他将自己所有的著作丢入火堆，只留下了一段对人生的批注——</p><p>如果将人生一分为二，前半段的人生哲学是“不犹豫”，后半段的人生哲学是“不后悔”。哲学家死之前终于明白，聪明的狐狸为什么常常落不到好下场了，因为他们经常“聪明反被聪明误”。</p><p>聪明人往往忘记了高贵的头颅也是由双脚来带动的，他们太自负太依赖于自己的思想，往往因此忽略了其他的因素，比如行动，比如他人。有首耳熟能详的老歌叫“傻瓜力量大”，适当的“傻”如同恰到好处的“自卑”，那是一种美德，也是一种智慧。</p><p>如果漂流到一个荒岛，只能带三样东西，你会带什么？许多人回答：一棵柠檬树，一只鸭子，一个傻瓜。为什么不带聪明人而带傻瓜？因为聪明人会砍掉柠檬树，吃掉鸭子，甚至最后害了主人。只有傻瓜，才能执着地拼命努力，最后能种瓜得瓜。傻瓜是一种天分，有傻瓜的地方才会发生奇迹。</p><p><span style=\\\"font-family: 微软雅黑; font-size: 14pt; color: #ff6600;\\\">要把“聪明”转化为“智慧”</span></p><p>有句老话叫“知易行难”，懂得道理很容易，付诸行动却很难。聪明人喜欢“眉头一皱计上心来”的潇洒，但是，他们往往只限于“头脑风暴”，而不善于与人打交道，刚愎自用，结果聪明反被聪明误。</p><p>历史上的周瑜何等聪明，但结局却是悲剧。现代企业管理中，无数次商场上的起起落落，似乎都证明了这个朴素的真理：很多人，他们有着最聪明的头脑，有着最敏锐的商业嗅觉，一拍脑子，点子就来……但是，有了这些素质的人，却往往不是最后的成功者。这是一个很奇怪的现象，但事实却真的如此。</p><p>有人这么界定“聪明”的含义——一个人的智商高出普通人的正常值，这样的人就是我们生活中常说的聪明人。顺着这个逻辑，我们会发现很多成功的企业家并不绝顶聪明，相反，他们可能还曾是差生。</p><p>有个统计数字显示，他们中最多只有不超过10%的人智商超群，其余90%的智商绝对只是普通人水平。但是，他们成功了。我们或许还能够回想起中国企业界一些流星般的人物，他们嗅觉灵敏，脑筋活络，甚至可能是中国改革开放后企业界最聪明的一拨人。</p><p>比如说，他们能够在美国的“伟哥”尚未进入中国市场之前率先抢注中文商标并推出号称功能相似的产品，以此赢得市场轰动；他们能够迅速洞察中国消费者的心理，精心包装各种概念性的保健产品并迅速形成市场规模，然后又迅速消失；他们也能够在中央电视台的广告招标会上豪情万丈，一掷亿金……时至今日，这些聪明人又在哪里？有的失败了，有的很失意。</p><p>聪明人机会是很多的，可是往往定力不够，最后一个个栽倒在某个美丽的陷阱里。他们很容易自负、浮躁、急于求成，在变来变去中，连自己也搞不清是怎么回事了。</p><p>聪明本不是坏东西，但它可能坏事，它只是初步的，我们必须通过实践去把聪明转变成智慧，因为智慧而促进实践，在智慧的基础上行动，才能够事半功倍。转变的前提是，你必须身体力行才可以。</p><p><span style=\\\"font-family: 微软雅黑; font-size: 14pt; color: #ff6600;\\\">成功需要阿甘精神</span></p><p>电影《阿甘正传》讲述了一个名叫阿甘的美国青年的故事，他的智商只有75，进小学都困难，但是，他几乎做什么都成功：长跑、打乒乓球、捕虾，甚至爱情，最后，他成为一名成功的企业家，而比他聪明的同学、战友却活得并不成功。这是对聪明的一种嘲弄。</p><p>阿甘常爱说的一句话是：“我妈妈说，要将上帝给你的恩赐发挥到极限。”这部电影表达了美国人的一种成功理念： 成功就是将个人的潜能发挥到极限。</p><p>个人素质主要包括形体素质、智商、情商(心理素质)三个部分。现代心理学研究表明,在决定一个人成功的诸多要素中，居核心与决定地位的是情商，智商只是必要条件而不是充分条件。所以我们在生活中常常看见，学历不高的人总是当上了老板，而高学历的人往往只是打工者。具备高学历并不一定就能成功，它只是具备了成功的可能性而已。</p><p>阿甘的成功，从某种意义上说，拜赐于他的轻度弱智、不懂得计算输赢得失。他唯一做到的就是简单坚持，认真地做、傻傻地执行。很多时候企业里缺的不是“聪明人”，而是这样的“傻子”。</p><p>聪明人遇到问题总是怨公司、骂上司，算计着要有一分收获才肯一分耕耘，没多少收获便不肯耕耘了。每个决策，每个命令，都要看自己有多少得益，有多少损失，如果不划算，便“上有政策，下有对策”。</p><p>殊不知，很多事情前期是十分耕耘，三分收获，后期才是三分耕耘，十分收获。阿甘并不是真的愚者，真的愚者是欺负他的人。他成功的方法只有一个——那就是不计成本的努力。他成功的秘诀就在于他的“单纯”或者说“执着”。</p><p>我们常以智商来决定一个人聪明与否，但再聪明的人也有其短，再笨的人也有一长，例如阿甘虽然智商低，可他跑得很快、会吹口琴、会打桌球、会养虾，可见凡事都是学习而来的，只要肯花功夫学，一定能在某一领域有所发挥。</p><p>人生常常面临许多选择，我们在摸索中学习到许多可贵的经验，并且吸收了别人累积的智能，智能才是带领我们走向幸福人生的关键，这与智商无关。我们也许都比阿甘聪明，可是我们都不能够专注于一件事上，虽然做了很多事，却常常失败。阿甘知道自己的不足，所以比别人专心，结果他成功了。</p><p>话说回来，聪明不是错，更不是罪，关键是要聪明地利用好自己的聪明，这样，才能为自己的人生锦上添花，而不会让它成为美丽的包袱。</p>', '1', '1', '2', '腾讯网', 'http://www.qq.com', '', '1', '20', '1477647036', '1477647036', '1477647036', '00000000023', '00000000001', '1');
INSERT INTO `news` VALUES ('7', '1', '于丹：生命来来往往，来日并不方长', '懂得珍惜，并不是与生俱来的能力。在长大的过程中，总有些猝不及防的变故让人扼腕喟叹：有时候，没有赶紧完成的心愿，一转眼就来不及了。', null, '<p><span style=\\\"font-family: 微软雅黑; font-size: 14pt; color: #ff6600;\\\">懂得珍惜，并不是与生俱来的能力。在长大的过程中，总有些猝不及防的变故让人扼腕喟叹：有时候，没有赶紧完成的心愿，一转眼就来不及了。</span></p><p>刚在大学当班主任时，不小心把脚崴了，去宣武医院一检查，右踝两根骨头骨折了。</p><p>骨科张主任带着医生来检查，对我说：“可以用保守疗法，也可以开刀。用保守疗法，可以少受点儿罪，但会有后遗症，关节可能会松动。”</p><p>我说：“那可不行，我左腿膝关节受过伤，就仗着这条右腿呢，您还是给我开刀吧。”</p><p>他有些诧异：“我很少见过这么主动要求开刀的病人。但是，要开刀得排到下周了。”</p><p>我说：“等到下周还得两三天，骨茬儿就不如现在了，争取今天就开吧。”</p><p>“那谁签手术同意书?得等你家人来。”</p><p>“不用，我自己签字。”</p><p>签完字后，张主任对医生说：“这姑娘的手术我来做。”</p><p>他的手，细长而舒展，是我记忆中最漂亮的男人的手。</p><p>我说：“张主任，您的手不弹钢琴太可惜了。”</p><p>他笑：“所以我拿手术刀。”</p><p>做手术时，麻药有些过量，张主任问：“你还清醒吗?”</p><p>“清醒。不信我给你背李白的诗。”</p><p>“那就背《静夜思》吧。”</p><p>“那怎么行!我背《蜀道难》!”所有人都哭笑不得。</p><p>术后那个星期是张主任值班，他每天来看我，和我闲聊几句。</p><p>换药时，我惊讶地发现，刀口没有缝合痕迹，我问张主任：“这是粘上的吗?”</p><p>张主任说：“你这么活泼的一个人，我不能让你有一道难看的疤痕，就用羊肠线给你做的内缝合，伤口好了，线就被人体吸收了。我给你打了两枚钉子，可以让骨头长得像没断过一样。但你一年后要来找我，把钉子取出来。”</p><p>等到出院，我们已经成为朋友。他告诉我：“你知道吗，我不是那周值班，我是调的班。那一周，表面上你是我的病人，其实跟你聊天时，你是我的医生，你的乐观的气场也是可以治病的。”</p><p>忙忙碌碌间3年过去了，他一直提醒我：“得赶紧把钉子取出来。”</p><p>有一次他去我家聊天，说：“下次我给你带一棵巴西木，屋里不能没有植物。”</p><p>我送他走后，忽然他又推开门，探身进来说了一句：“你这次回来，我就给你取钉子，不然来不及了。”</p><p>可那段时间我一直在出差，我还寻思：“有什么来不及的，钉子又不会长锈。”</p><p>当时，我父亲在宣武医院住院。4天后，我从南京回来，去医院看爸爸。我和爱人骑着自行车，很远就看见医院门口全是人，根本进不去，我们只好从后门进了医院。</p><p>正是吃饭时间，爸爸欲言又止：“我跟你说件事。”</p><p>妈妈马上打岔：“你赶紧吃饭，孩子刚回来。”</p><p>后来爸爸又想停下来说话，妈妈说：“你让孩子歇口气。”</p><p>再后来，爸爸没加铺垫，说：“张主任殉职了。”</p><p>我蒙了：“您说什么?”</p><p>爸爸说：“医院门口都是送他的人。”</p><p>我震惊!继而想起他留给我的最后的话：“你这次回来，我就给你取钉子，不然来不及了。”</p><p>出了医院，夕阳西下，不远处国华商场门口熙熙攘攘，在交错的车流中，我推着车站在马路中间，痛哭失声，车水马龙都在暮色里模糊不清。那一刻我明白了一个道理：来日方长并不长!</p><p>我一直记得他的手，钢琴家一样的手，这双手，给我做了不留疤痕的缝合。因为他，我家里一直养着巴西木。</p><p>就在张主任去世的那4天里，我出差去了南京。在那里，我得知了另一个人去世的消息。</p><p>1993年，我写过一篇报告文学《中国公交忧思录》，为此走访了十几个城市考察公交系统，南京当时是全国公交系统的一个典范，所以我去的第一站是南京。</p><p>那是夏天，南京像火炉一样炙热。我找到南京公交总公司，党委书记是一名复员军人，非常豪爽，晚饭一上桌就拉着我喝酒。两杯下去，我晕乎乎的，总经理耿耿进来了。儒雅的耿总和我握手：“我叫耿耿。”我趁着酒劲儿开了句玩笑：“耿耿于怀的耿耿吗?”他说：“不，忠心耿耿的耿耿。”</p><p>耿总坐下来，拦住了给我敬酒的人们，静静地和我聊天。他说：“明天我陪你去坐公交车。现在，南京市民出门，去任何地方倒两趟车都能到达，而且等车不超过5分钟。”</p><p>第二天，我和耿总在新街口开始坐公交车。熙熙攘攘的人群里，他说起自己和父亲最喜欢的陶渊明，那一刻，周围似乎安静清凉了许多。</p><p>我们也去过一些很安静的地方，我问耿总：“‘潮打空城寂寞回’的那段石头城在哪里?”开着一辆黑色桑塔纳的耿总就带着我到处寻找，最后找到了，那一段石头墙比千年之前更寂寞。</p><p>耿总还带我去了好些有名的和无名的古迹，每走过一座门或者一座楼，他都念叨着历史、文学的典故。那一个盛夏，六朝金粉的古都沧海桑田的幻化，在一位长者的引领下，清晰地与我青春的记忆结缘。</p><p>按计划，我应该在南京采访两天，结果却待了将近一个星期。我向耿总道别：“必须走了，要不然采访行程全耽误了。”</p><p>耿总说：“还有最后一个地方要带你去，南唐二主陵，很近。”</p><p>我从为赋新词强说愁的少女时代就爱抄李后主的词，但实在没时间，只好与耿总相约：下次直接去看南唐二主陵。</p><p>那年春节，他打电话拜年：“南唐二主陵还没看呢，今年咱们一定去。”</p><p>张主任去世的那几天，我出差去南京，一到宾馆就往公交公司总机打电话，找耿总。</p><p>总机姑娘说：“耿总不在了。”</p><p>“耿总去哪儿了?”</p><p>她接得很快：“耿总去世了。”</p><p>我呆住了：“怎么会?!春节他还跟我通过电话呢!”</p><p>对方说：“他刚刚走了一个星期，肺癌。”</p><p>直到现在，我都没去过南唐二主陵。</p><p>很多时候，我们都以为来日方长，就如同嵇康在死前感慨：袁孝尼一直想学习《广陵散》，我以为来日方长，一直执意不肯教他，而今我这一走，《广陵散》从此绝矣。</p><p><strong><span style=\\\"font-family: 微软雅黑; font-size: 14pt; color: #ff6600;\\\">生命来来往往，我们以为很牢靠的事情，在无常中可能一瞬间就永远消逝了;有些心愿一旦错过，可能就万劫不复，永不再来。</span></strong></p><p><strong><span style=\\\"font-family: 微软雅黑; font-size: 14pt; color: #ff6600;\\\">什么才是真正的拥有?一念既起，拼尽心力当下完成，那一刻，才算是真正实在的拥有。</span></strong></p>', '1', '1', '2', '腾讯网', 'http://www.qq.com', '', '2', '20', '1477647036', '1477647036', '1477647036', '00000000023', '00000000001', '1');
INSERT INTO `news` VALUES ('8', '2', '给生活一个拐弯', '也许你现在的状况其实不错：家庭和睦，事业有成，感情顺利……可是，为什么你却感受不到满满的幸福？可能有人说你消极了，有人说你过于追求完美……到底怎么回事呢？看看这篇文章吧。', null, '<p>也许你现在的状况其实不错：家庭和睦，事业有成，感情顺利……可是，为什么你却感受不到满满的幸福？可能有人说你消极了，有人说你过于追求完美……到底怎么回事呢？看看这篇文章吧。</p><p>一个朋友，在国企工作，事业有成，家庭和睦，但却过得不开心。此人在父母那儿是孝子，在妻子那儿是好丈夫，在儿子那儿是好爸爸，在单位是好同事，个个感叹，绝世好男人。</p><p>朋友却有说不出的苦，我不解，问他：“你是男的嫉妒，女的羡慕，还有什么好苦的。”朋友摇头说不知道。</p><p>后来，朋友开始恐惧上班，害怕待在家里，一到办公室就浑身不自在。</p><p>有一天，他找到了寺庙，想要出家。大师询问了他一番后，对他说：“山下有一个集市，集市里有一条很长的小巷，你去走，走完了再回来，记住了，要一直往前走。”</p><p>朋友照着大师的话做，来到山下，果然有一个集市，集市里有一条小巷。朋友没想什么，朝着小巷一直往前走。他走到第一个路口，发现有一家茶庄，里面的人正悠闲地喝着茶，他想去喝一碗，但咽了咽口水，又继续朝前走。走到第二个路口，他看见有几个小孩在踢足球，想上前去踢两脚，但伫立了一会，他又转身走了。</p><p>此后每走过一个路口，都会看见一件让自己怦然心动的事，但为了完成任务，他只好往前走，直到经过第七个路口，将小巷走完。回来后，大师问他：“你开心吗?”朋友摇头。朋友说：“我起初很开心，但走到最后突然很难过。”</p><p>大师说：“这就对了，你为了完成任务一直往前，这就是你不开心的原因，你应该学会拐一下弯，不要太执着于路怎样，而要看心怎样。”听了大师的话，朋友恍然大悟，作揖谢过大师，开开心心地下了山。</p><p>后来朋友竟辞去国企的职务，自己开了一个小茶馆，以前不喝酒的他，也时不时会约朋友去小酌几杯。不爱运动的他，竟花了不少钱买了一套装备，开始打球、健身、游泳了。去他家里做客，偶尔也会听见他跟妻子吵吵架，他完全变了一个人。朋友笑着说，他终于感受了幸福。</p><p>原来，朋友这辈子为父母，为家庭活得多，为自己活得少。大学毕业，为了父母，他放弃了自己喜欢的工作选择了国企。结婚后，他戒了烟戒了酒，把时间全部花在工作和家庭上，而放弃了自己所有的爱好。所以，他虽然拥有成功的事业，幸福的家庭却感受不到幸福。</p><p><span style=\\\"color: #ff6600;\\\"><strong>其实，生活就像那条小巷，与其带着烦恼朝前走，还不如爽快地来一个拐弯。在拐角处，也许一不小心就碰上幸福。</strong></span></p>', '1', '1', '3', '腾讯网', 'http://www.qq.com', '', '2', '20', '1477647036', '1477647036', '1477647036', '00000000023', '00000000001', '1');
INSERT INTO `news` VALUES ('9', '1', '如何成为独立思考的人', '哪怕是再大的图书馆，如果它藏书丰富但却杂乱无章，其实际用处就反不如那些规模虽小却条理井然的图书馆。', null, '<p><strong>真正独立思考的人，在精神上是君主。</strong></p><p>哪怕是再大的图书馆，如果它藏书丰富但却杂乱无章，其实际用处就反不如那些规模虽小却条理井然的图书馆。同样，如果一个人拥有大量的知识，却未经过自己头脑的独立思考而加以吸收，那么这些学识就远不如那些虽所知不多但却经过认真思考的知识有价值。因为，只有当一个人把他的所知结合各方面来考察，把每一真知相互比照之后，他才能真正理解、掌握这些知识，并使其为己所用。一个人只能对自己知道的事情加以仔细思考，因此他必须要学习新东西；但是，也只有那些经过深思熟虑的东西才能成为他的真知。</p><p><strong>一个人可以随意地阅读和学习，却不能随意地思考。</strong></p><p>思考与阅读会对人的精神产生不同的影响，其差别之大令人难以置信。因此，这就愈发加大了人们之间本来就存在的思想差异——因为天性的不同，导致有的人热爱思考，有的人喜欢阅读。阅读是把某些外来、异质的思想强加于我们的头脑，这些思想与我们的精神是不相吻合的，就像印章强行在石蜡上留下印记一样。因此，我们的头脑就承受了完全来自外在的压力，一会儿思考这个，一会儿考虑那个，既非出于本能，亦非因为喜欢。</p><p>大量的单纯的阅读会使我们的精神丧失灵敏性，就像是一根弹簧连续不断地受到重压就会推动弹性。如果一个人不想动脑思考，最保险的办法就是一旦空闲了就拿起一本书。这就解释了何以博学多识常使很多人变得比原来更加愚蠢麻木，并阻碍他们的作品获得成功。正如蒲柏所说，他们始终是：不停地阅读别人，却从来不会被别人阅读。</p><p>学者是成天阅读、研究书本的人。而思想家、天才，以及那些照亮世界、推动人类发展的人，则是直接运用世界这本大书的人。</p><p>实际上，只有自己本身的根本思想才具有真理和生命力。因为，只有这些才是一个人能真正、完全理解的。阅读别人的思想，如同吃别人的残羹剩饭，或穿陌生人丢弃的旧衣。</p><p>通过阅读获得的思想与自己心中萌发的思想相比，正如史前植物的化石遗迹与春天里蓬勃茂盛的植物相比一样。</p><p>阅读只是独自思考的代替物。阅读时，一个人本身的思想是在被别人的思想牵引管束。</p><p>此外，很多书籍都无甚益处，除了向我们表明错误的路径如此之多，如果一个人听从这类书的引导，就会误入岐途。但是，受天赋指引的人，亦即独立、自发、正确思考的人，却拥有能够找到正确方向的罗盘。因此，一个人应当只有在自己的思想源泉干涸的时候才去读书——即使是最优秀的头脑也会经常发生思维停滞不前的情况。</p><p>因手拿书本阅读而赶跑自己的原创思想，不啻是冒犯神灵的罪过。</p><p>只有通过自己独立思考获得的知识，才能融入我们的思想体系，成为整个思维体系的一个鲜活部分，并与整体保持一种完整、坚实的联系。</p><p>独自思考的人只是在形成自己的见解之后才知道与权威暗合，此时的权威也同时增强了他们二者的力量。</p><p>阅读是在用别人的、而非自己的头脑来思考。自己的独立思考是要努力形成一个连贯的整体、一个系统，即使它不是严密、完备的。没有什么比孜孜不倦地不断阅读，让别人的思想源源不断地进入自己脑中更为有害的事了。</p><p>那些将一生的时光都花在了阅读中并从书籍中获取智慧的人，就像是从旅行者的描述中了解一个国家的详细状况的人。这些人可以提供关于这个国家的很多信息，但实际上他们对此地的真实情况并没有连贯、清晰、透彻的了解。而那些一生致力于深思的人，则像是亲自到过某个国家的人。只有他们才真正知道自己所谈的事情，他们对此地的状况完全了解，说起来如数家珍。</p><p>但是这里有一个小小的困难需要克服：思考这种事并不能取决于我们自己的意志。一个人只要愿意就可以随时坐下读书，却不能随时坐下思考。思想如同客人，我们不能随自己高兴去召唤他们，而只能耐心等待他们的到来。</p><p>我们必须要等待恰当的时机，即使最伟大的天才也不能每时每刻都在独自思索。因此，把思考之外的空余时间用来阅读是可取的做法。正如我说过的，阅读是对独自思考的替代物，它可以借别人的思考为我们提供精神材料——虽然常以一种与我们自己的思维完全不同的方式。出此原因，一个人也不应该读书太多。这样，我们的头脑才不会习惯于思考的替代物，因此而忘却了认识事物的能力；才不会习惯于踏上别人已经走过的道路，遵循别人的思路而忘记自己的思维。当然，更不应该仅仅为了读书而完全放弃对现实世界的关注。</p><p>单纯的经验和阅读一样，并不能取代思考。纯粹的经验与思考的关系，犹如进食之于消化吸收的关系。当经验吹嘘说只有通过它的发现，才推动了人类知识的进步时，就像是嘴巴扬言整个身体的生存只是它的功劳。</p><p>有思想之人的作品与其他庸人作品的区别，就在于它主题鲜明、内容明确的特点，及由此而来的清晰、流畅。因为这些人明确、清楚地知道自己想要表达的是什么，不管是以散文、诗歌或者音乐的形式。而普通之人却没有这种果断、清晰，因此二者之间就很容易区分开来。</p><p>具有最高思想能力的人的特征是，他们对事物的判断都是直接、明确的。他们说的任何东西都是自己思考的结果，其表达见解的方式中也完全显示出这一点。因此，这些人像精神王国的王侯一般，拥有无可辩驳的权威。而其他人只是处在从属的地位，这从他们那缺乏自己特色的表达风格中就可看出。</p><p>因此，每个真正独立思考的人，在精神领域内全然是位君主。相比之下，那些头脑庸俗的普通大众，随波逐流于各种各样的流行观点、权威说法与世俗偏见之间，使自己的思维受到限制，就像是那些默默服从法律和命令的平民。</p><p>在现实世界中，哪怕它被认为是多么的美丽、愉悦和迷人、惬意，我们还是不得不受制于万有引力定律来活动，一生都在不停地克服它。但在精神的世界里，我们是了肉体束缚的精灵，不再受重力的控制，也没有了贫困之苦。</p><p>这就是为何一个完美充沛的精神头脑，在某一神妙时刻从其自身中所得到的快乐、幸福，在现实世界是完全找不到的。</p><p>浮现在脑中的思想，犹如站在眼前的恋人。我们幻想着自己永远不会忘记这一思想，自己的恋人也永远不会变心。但是，眼不见，心不想！最精妙的思想如果不及时写下，也会有被遗忘的危险，再也无法挽回；最心爱的人如果我们不与之结婚，也难逃被遗弃的命运。</p>', '1', '1', '3', '腾讯网', 'http://www.qq.com', '', '2', '20', '1477647036', '1477647036', '1477647036', '00000000023', '00000000001', '1');
INSERT INTO `news` VALUES ('10', '2', '职场上缺乏格局的努力都是无用功', '千万不要在心里给自己设任何界限：我都到了这个年纪了，再想追求什么也一定做不成了。', null, '<p>1954年，有个人发现一家餐馆生意非常火爆，仅牛肉饼就让很多人心甘情愿排队4小时。他向店主建议开设分店，被执掌的两兄弟以离家太远为理由拒绝。</p><p>于是他提出自己来开分店并提供分红的建议，在六年里，他拥有了这家餐馆的280家分店。</p><p>1961年，这个人向两兄弟买下餐厅主权，成为这家餐厅唯一的主人。</p><p>这人名叫克洛克，这家餐厅叫麦当劳，后来的故事大家都知道了。</p><p>这就是格局之分。</p><p><strong><span style=\\\"font-family: 微软雅黑; font-size: 14pt; color: #ff6600;\\\">1、职场上的格局是什么？</span></strong></p><p>同样是搬砖，一个人觉得自己在砌一堵墙，另一人觉得自己在盖一座房，还有一个人认为自己在建造一座新的城市。</p><p>二十年后，认为自己在盖房的也许会成为工程师，认为自己在建设新城市的也许会成为开发商，然而一直认为自己仅仅在砌墙的，他一定还在砌墙。</p><p>格局小的人，做一件事往往只看眼前利益：</p><p>比如今天老板不在就偷偷提前下班放自己半天假；</p><p>比如管着一个部门，却总想安插自己的亲戚进来；</p><p>比如想干一番事业，却又没有容人之量，最后只能夫妻合伙开了个小铺子。</p><p>格局这个词，最初是从棋术概念里衍生出来的。</p><p>大师级棋手和普通棋手的区别在于，后者想一步走一步，前者走一步想十步。</p><p>Uber最初只是一家普通的出租车公司，亚马逊在一开始也不过是经营网络书籍销售。</p><p>现在，前者开发了全球即时用车软件，重新定义了人们的出行方式，改变了全世界人的生活；而后者成为了全世界最大的电商网站。</p><p>格局，是培养一种重要的受益终生的思维方式。</p><p><strong><span style=\\\"font-family: 微软雅黑; font-size: 14pt; color: #ff6600;\\\">2、从问题的高度看问题</span></strong></p><p>读书的时候，老师会砰砰敲着黑板提醒大家：同学们，想要拿分，关键要摸透出题老师的思路啊！</p><p>这个道理，在职场当中同样适用。</p><p>当你的提议被否定的时候，先别忙着腹诽领导的眼光，想想站在他的立场，你们团队目前最急需的是具备什么要素的提议？</p><p>当你的方案被打回的时候，先别忙着吐槽客户的品味，想想对方的层次和需求，你的企划里有没有戳中他们最迫切的那个点？</p><p>当然，学校老师不会教你一边做试卷，一边揣摩科研院所的想法，因为距离太远，跨度太大了，日常相关性太小，可参考性基本没有。</p><p>同样，职场中的你要上一个台阶看问题，而不是蹬蹬一下子冲到顶楼。</p><p>做着第一线的工作，你要考虑的便不是如何做好一个幕后大BOSS。最好是从你的上级或是能力优异的前辈的角度出发，有针对性地考虑和解决问题。</p><p>上班几个月后，我给第一个大项目当上了跑腿小弟，我上级的上级，负责做presentation给老大，我负责做做表格，改改颜色，买买咖啡，拍拍马屁。</p><p>原本一共要开三次会，结果只用了两次就全部表演完毕，两个上级直接取消掉了最后的会议，派我去把模型交掉，就可以回来交差了。</p><p>我端详着这个模型，再最后看了一遍，不再看数字有没有对上，不再看趋势线是不是异常。</p><p>就好像我不是一个跑腿小弟那样去看，而是像一个卖白粉的大哥最后庄重地，检视一遍自己的行动计划那样去看。</p><p>我严肃地审视着这份预报，这一过程大概只持续了三分钟。</p><p>老远就看见老大在他的巨大会议室里埋头思索，没有要鸟我的意思。就在我放下文件拔腿要走的时候，他抬起头来， “你是做这个报表的分析师吧？”</p><p>“是我…”</p><p>“那你跟我说说，这个预报还有什么让你心神不宁的地方？如果你没有你的上级们，你还会给这个最终结果加什么hedge吗？”</p><p>我讲了三分钟，来的路上那三分钟的所思所想，恨不得都活活讲了出来。</p><p>老大认为我是一个还有点儿想法的分析师，后来有问题，他竟然开始直接来找我。</p><p>虽然拿着买白菜的钱，但也要适当操一下“卖白粉”的心。</p><p>——张丹《你从工作第一天就开始犯的低级错误，真的还要继续吗？》</p><p><strong><span style=\\\"font-family: 微软雅黑; font-size: 14pt; color: #ff6600;\\\">3、站在十年后看现在的自己</span></strong></p><p>乔布斯和比尔·盖茨从名校中途辍学去捣鼓计算机的时候，他们未必预料到自己日后能取得这样的成功。</p><p>乔布斯在离开学校后，参加了一个美术字学习班，在那里，他学会了在不同的字母组合之中改变空格的长度，设计出最美妙的印刷字母。</p><p>十七岁的乔布斯不会知道他笔下勾勒的这些字母，会在十年后被用在第一台Macintosh电脑里。</p><p>而在回顾这段经历的时候，他感叹：“你必须相信，这些片断会在你未来的某一天串连起来，你必须要相信你的勇气、目的、际遇与因缘。”</p><p>人生如棋局，不要急功近利，计较一棋一子之得失，而是着眼于未来，才能将各种资源和能力织成牢不可破的网。</p><p><strong><span style=\\\"font-family: 微软雅黑; font-size: 14pt; color: #ff6600;\\\">4、你在和人家拼手段，人家已经在拼格局</span></strong></p><p>有一句谚语：再大的烙饼也大不过烙它的锅。意思是：你可以烙出大饼来，但是你烙出的饼再大，它也得受烙它的那口锅的限制。</p><p>你未来的人生就像这张大饼一样，是否能烙出满意的“大饼”，完全取决于烙它的那口“锅”——这就是所谓“格局”。</p><p>一个每天在街头乞讨的乞丐不会嫉妒开劳斯莱斯的人，却会嫉妒比自己要到更多钱的乞丐——这人一辈子都估计是个乞丐了。</p><p>如果将人生当成一盘棋局，那么人生的命数就由这盘棋的格局决定。</p><p>人类的历史进程上，每一次巨大的变化都是因为一个领袖的诞生。这些领袖往往有着人间少有的格局和气量。具备这些素质的人，往往有着极其强大的人格魅力。</p><p>职场上，有些领导天生就让你愿意为其做事，因为潜意识里你知道，跟着他一定能走对路。而这些领导所自带的气场，就是其格局所带来的。</p><p>比如整天想着改变世界的Elon Musk，发明Paypal、推出Tesla汽车，还创立了SpaceX太空探险公司。努力改善地球的环境的同时，还在造飞船探索宇宙。</p><p>当你和别人拼手段的时候，人家已经在拼格局了。</p><p>一个人的格局，取决于他的视野、胸怀、胆识等等心理要素的内在布局。</p><p>保持独立的人格，拥有独立思考与判断是非的能力，坚守为人处世的原则，不断获取新的知识，站在问题的高度来思考问题，你自然就会形成大的格局。</p><p><strong><span style=\\\"font-family: 微软雅黑; font-size: 14pt; color: #ff6600;\\\">5、我们应该何时提升自我格局？</span></strong></p><p>答案是任何时候。</p><p>以前人们说三十而立，可现在，七八十岁的老人依然能攀登珠峰、征服深海，老太太们依然时髦fashion得不输少女。</p><p>因此，千万不要在心里给自己设任何界限：我都到了这个年纪了，再想追求什么也一定做不成了。</p><p>人生不仅是跑道上等待冲刺的白线，引力波都被发现了，生活，还多的是可以被重新认识的空间。</p><p>Just do it.</p>', '1', '1', '1', '腾讯网', 'http://www.qq.com', '', '3', '20', '1477647036', '1477647036', '1477647036', '00000000023', '00000000001', '1');
INSERT INTO `news` VALUES ('11', '1', '白岩松：读书读久了，你总会信仰些什么', '当我们翻开一本书，要在翻开的这本书里头寻找到什么呢？这个话题似乎要从我们刚刚出生来到这个世界上开始说起。当人生的这本书刚刚翻开，在未来漫长的岁月里，在这本书里，我们又要寻找到什么呢？也许两者的答案有很多是相似的。首先翻开一本书，我们希望知道自己是谁，我的家乡在哪里，而世界又在哪里。', null, '<p>当我们翻开一本书，要在翻开的这本书里头寻找到什么呢？这个话题似乎要从我们刚刚出生来到这个世界上开始说起。当人生的这本书刚刚翻开，在未来漫长的岁月里，在这本书里，我们又要寻找到什么呢？也许两者的答案有很多是相似的。首先翻开一本书，我们希望知道自己是谁，我的家乡在哪里，而世界又在哪里。</p><p>如果我不打开书，我会以为世界就像我生活的这座城市一样，有草原，有森林，有很多和善的人们。但是当我打开书才知道，《上下五千年》里有那么多的历史；当我打开书的时候，我知道在《一千零一夜》里还有另外一个跟我们完全不一样的世界；当我打开书的时候才知道有好人、有坏人；当我打开书的时候才知道，北京、江苏、四川或者其他的地方怎么怎么样。了解的事情越来越多了，这个世界开始变得越来越大了，结果一个又一个少年该如同我一样，开始向往外面的世界。</p><p>如果没有书，你不会知道世界是个什么概念，即便后来当你的年岁足够大了，当你来到一个又一个陌生的国度里，你竟然发现一切似乎没那么陌生，因为早在白纸黑字上，早在字里行间，早在曾经翻开的一本又一本书当中，你曾经如此亲密地靠近过它，世界变得不再那么遥远，也不再那么陌生了。</p><p>说起来真的有意思，总有很多人问我，对我影响最大的一本书是什么？我的答案永远是一样的，当然是《新华字典》了。如果要是没有《新华字典》，没有我从最简单的一个又一个汉字开始认识起，一直到后来，我怎么会有勇气、有能力翻开一本又一本或厚或薄的书呢？如果我不能翻开那些书，我的很多困惑、我的很多未知怎么能在我的面前陆续打开呢？成长是什么？成长不仅是年岁慢慢增长，更重要的是内心所累积的一个又一个问号慢慢地得到答案。</p><p>当你的答案越来越多，当你的问号开始慢慢地被抻直的时候，你就是在成长。最小的时候可能在读《十万个为什么》，获取一个又一个答案，如果没有那些书，答案不出现在你的面前，你就永远像是一个仰望星空的孩子。虽然在这一生当中葆有好奇，葆有问号，永远是一个最重要的事情，但是，在你成长的过程中，如果你的一个又一个问题不能得到解答的话，成长怎么可能变成现实呢？</p><p>从你最初好奇的一加一等于二，到后来一加一等于二不再是一个简简单单的数学题，而是人生，是大的哲学，是你如何去捍卫常识；当别人因为自己的利益，能喊出一加一等于三，甚至等于四的时候，你还有勇气去坚持说一加一等于二。你想想我们走了多远的路程了。</p><p>从最初只是一个最简单的小学的数学题到后来与常识、与正义、与真理有关，如果没有那一本又一本翻开的书，你怎么可能有这种成长呢？总有人问我读书有什么好处。我说用几个“解”来回答你吧，它可以解惑，它可以解气，有的时候你有很多这种郁闷和生气，打开书看到有与你同样生活在这个世界上的人，或者古人甚至都提前把那种呐喊替你发泄出来，你就觉得挺解气的。</p><p>另外，还解决你的很多挣扎和困惑。翻开一本又一本书的时候，你看到答案，拥有了一种解决的方案，道路变得更加清晰了。当然千万别忘了，看书还有另外的功能，那就是有的时候还解闷。哪怕现在人们开玩笑连解手的时候，都需要有那些看起来不那么累的书能陪伴你度过人生当中永远不会没有的这种时光。一天总是琐碎的，但是累加在一起却可能会获取很多知识，因此，我觉得一个能提供这么多“解”的书，会帮助一个又一个人更好地走这样一个成长的道路。</p><p>在我们寻找的无数答案当中，最后一种答案可能非常的重要。它帮助我们寻找到平静和幸福，我们可能都记着这样的一句话，“华北之大，已经安放不下一张平静的书桌了”。那是一个屈辱的时代。但是现代在物质大潮快速奔涌而来的时候，这句话可以稍微地变一变了，变成什么呢？</p><p>“中国之大，找到一颗平静的心简直太难了。”但是不平静又怎么可能幸福呢？我曾经有过这样的经历，周围是乱的，自己的心里也是乱的，当你打开书想在书里找到平静的时候，最初几页是很难的。但是当最初的几页慢慢读进去了，你就觉得好书真像是一堵又一堵的墙，开始慢慢地升腾起来，把外面的车水马龙还有那些喧嚣的声音都阻拦在了外面。</p><p>这个时候，你觉得那颗躁动的心慢慢地安静下来，这个世界你似乎又可以在白纸黑字里闻得到花香，听得到鸟的声音，大自然仿佛又回到了你的身边。更重要的是没有平静怎么可能幸福呢？</p><p>那么，幸福与读书、与平静有什么关系吗？很有关系，幸福是由三个关键词构成的，那就是物质、情感和精神。只有物质基础、情感依靠、精神支柱这三种因素的分数都不错，加起来你的幸福指数才高。而读书与这三者紧密相关，“读书无用论”的论调早已经慢慢消散了，那个时代也结束了。</p><p>早有调查显示，人们读书和知识获取的水平和你的工资收入是成正比的，我想只有你的读书足够多了，你才会更有创意，才会更自信，你才会更有底气，才能获取更多的物质回报。但是这还不是最重要的。书读得多了，你在情感方面会是一个充沛的、获益很多的人，你的依靠会更充实，更重要的是在读书中会寻找到我们的信仰和精神支柱。</p><p>中国人的信仰千百年来并不是仅仅靠宗教来支撑的，它就在唐诗宋词当中，在爷爷姥姥讲给你的故事里，在《三国演义》里，在《红楼梦》里，在《西游记》里，在无数的经典书籍当中，至今依然被文人用那种美丽的方块字写在字里行间。</p><p>读书读久了你总会信一些什么，信一些什么就有了敬，有了畏，因为信仰我认为最重要的是“敬畏”二字。有了敬，有了畏，知道什么是最好的我要去做，知道什么是不好的我不能逾越它，就如同社会这条奔腾的大河两边有了安全的河床，敬和畏这两个河床在，不管这条河流如何奔涌，总是安全的。我们现在正处在慢慢建两边河床的过程中。</p><p>因此，如果更多的中国人能够多读书，能够让自己的心平静下来，能在这里慢慢找到幸福感并且找到自己的话，中国就会变得更好。也许读书不能解决所有的问题，但是读书可以改变很多，可以让我们一个又一个人变得更好。</p><p>当我们一个又一个人变得更好的时候，你什么样，中国就什么样。</p>', '1', '1', '1', '腾讯网', 'http://www.qq.com', '', '4', '20', '1477647036', '1477647036', '1477647036', '00000000023', '00000000001', '1');
INSERT INTO `news` VALUES ('12', '2', '催我们变优秀的，是跨在背上的自己', '有时，人总要先承认自己与别人有差距的事实，才有勇气去接纳强者，并学习他们的优秀之处。', null, ' <p>我的朋友中，有一个精明的忘年交，外号叫“老虎”。</p><p>不得不说，老虎做生意很有一套，那敏锐的嗅觉和洞察力，让他在风云变幻的市场中，稳稳地站住了脚，当然也赚了不少钱。对于生意上的成功，他很少去炫耀，可对他的业余爱好，比如打乒乓球，他却是逢人都得显摆一番，说自己打得如何如何好。</p><p>有一回，我带小侄子到他家做客。我跟他讲，小侄子是乒乓球高手，打败过很多人，想不想较量一番？老虎原本只是抱着娱乐的心态，心想一个十岁的小孩子能有多厉害呢？估计还得让着点他，不然会打击孩子的自信心。我说：“别轻敌哦，我侄子真的是高手。”</p><p>比赛开始了，老虎先是心不在焉，可发现小侄子很不简单后，他也变得认真起来，最后竟真的使出了浑身解数。结果，三局下来，老虎只胜了一局。老虎有点不敢相信：这么一个小孩，怎么能打得如此之好？我告诉他，小侄子其实是“专业运动员”，学的就是乒乓球。</p><p>他开玩笑对小侄子说：“以后，我拜你为师怎么样？”小侄子笑笑，说：“我还得管你叫叔叔呢，你怎么能管我叫老师呢？”老虎说：“老师可不分年龄、辈分，只要比自己有能力、有实力，就应该向他学习。”</p><p>此后，小侄子成了老虎家里的贵宾，他经常邀请孩子到他那里做客，带他去吃饭，然后一起切磋球艺。半年下来，老虎的球艺精进了不少。</p><p>后来，老虎又迷上了写作。别看他是个商人，其实骨子里还有些许的文艺气息。不管白天怎么忙，每天晚上他都会抽出时间读书，从不间断。休假的时候，他也拜访过一些有名气的作家，与他们交流心得。一个人天资聪慧，再配上勤奋好学，成就自然小不了。老虎结合自己的经历，用了半年多的时间，写了一本自传式的书，销量还不错。再后来，他也尝试着把自己的一些经商心得、管理心得撰写成书，作为企业的培训教材。</p><p>更让我吃惊的是，有一次我到他家里，无意间发现了一个木制的雕刻兔子。我问他，这是从哪儿买的？他特得意地告诉我，是他自己做的。我当时忍不住冒出了一句：“还有什么是你不会的吗？”他买了各种各样的木头，还有雕刻工具，跟随一些艺人学雕刻，制作出来的东西虽算不得多么精致，但却不失趣味。我家里现在还保留着他赠送的一些杰作。</p><p>我实在惊叹他的才学能力，问他是怎么做到的？</p><p>老虎淡淡一笑，跟我说：“我一直觉着，一个人要想变得优秀、变得强大，就得向更强的人学习。就说打乒乓这件事，身边的人都比不过我，我自诩作为业余爱好者来说，水平已经很高了。没想到，后来竟成了一个十岁男孩的手下败将。我特感慨，原来这个世界上还有很多你不知道的高手隐匿在身边。跟他不断切磋的过程中，我的球技又提升了不少。关于写作和雕刻也是这样，靠近那些比自己强的人，就能学到更多。”</p><p>老虎的这番话，给了我很大的启迪。我也曾对很多事物产生过兴趣，可当我发现周围的人比我做得好时，我很泄气，觉得自己没有天赋，自信心开始减退，不能静下心来去琢磨技巧和方法。</p><p>我一直把那些半途而废的事归咎于天赋和环境，却从来没想过，其实是自己无法正视别人比自己强，不敢去跟强者站在一起，向他们发起挑战。有时，人总要先承认自己与别人有差距的事实，才有勇气去接纳强者，并学习他们的优秀之处。</p><p><strong>胜人者有力，自胜者强。也许，面对更强者，最后真正要超越的，其实是自己。恰如泰戈尔在他的《飞鸟集》中所说：“催逼着我们前进的，正是跨在背上的我们自己。”</strong></p>', '1', '1', '4', '腾讯网', 'http://www.qq.com', '', '4', '20', '1477647036', '1477647036', '1477647036', '00000000023', '00000000001', '1');
INSERT INTO `news` VALUES ('13', '1', '成功人士的乐观6式', '每分每秒都乐观的人是不存在的。但在遇到困境时，能够有意识地保持积极态度，则从容渡过难关的可能性更大。', null, '<p>每分每秒都乐观的人是不存在的。但在遇到困境时，能够有意识地保持积极态度，则从容渡过难关的可能性更大。</p><p><span style=\\\"font-family: 微软雅黑; font-size: 14pt; color: #ff6600;\\\"><strong>1、开发情商</strong></span></p><p>情商是可以培养的。聪明人知道情绪是行动的动力，也知道如何管理和约束。即使遭遇负面情绪，他们也不会被情绪牵着鼻子走。更重要的是，他们不会在受到强烈情绪影响时轻率地做决定。</p><p><span style=\\\"font-family: 微软雅黑; font-size: 14pt; color: #ff6600;\\\"><strong>2、即使失败，也对自己的能力深信不疑</strong></span></p><p>思想乐观的人知道承担风险是必要的，从而经常挑战极限，也会因此遭遇失败。可他们与普通人的差别在于挑战时的心态：他们认为自己要么会成功，要么会从一时的挫败中吸取教训后再战。失败反倒成了认清强项与弱项的工具。</p><p><span style=\\\"font-family: 微软雅黑; font-size: 14pt; color: #ff6600;\\\"><strong>3、不断设置目标</strong></span></p><p>懂得在压力下保持积极心态的人知道一个秘密——不断设置新的目标并完成它，这种不断累积的成就感能有效地帮助抵消压力下的消极情绪。</p><p><span style=\\\"font-family: 微软雅黑; font-size: 14pt; color: #ff6600;\\\"><strong>4、懂得感恩</strong></span></p><p>他们对自己已经拥有的一切心存感激，特别是一路走来，曾经给过他们帮助的人，并且记得在适当的时候表达感谢。这么做还有一个额外的好处，就是避免将一切都理所当然地视为自己的功劳。自我膨胀的人在失败后遭受的打击会沉重得多。</p><p><span style=\\\"font-family: 微软雅黑; font-size: 14pt; color: #ff6600;\\\"><strong>5、让自己和别人看到事物的积极面</strong></span></p><p>这一点的作用巨大，因为成功人士能给别人带来积极的情绪，所以人们会自然而然地围绕在这样的人身边。而且比起一蹶不振的“可怜人”，人们更乐于帮助在逆境中还保持积极心态的人。</p><p><span style=\\\"font-family: 微软雅黑; font-size: 14pt; color: #ff6600;\\\"><strong>6、不断学习，且乐于指导他人</strong></span></p><p>成功人士擅长不断学习以充实自己。他们既乐于接受他人的指导，从而鞭策自己不断进步，又愿意指点身边的人，从而形成不断追求进步的群体。这一点对于抵御负面情绪很有帮助。</p>', '1', '1', '4', '腾讯网', 'http://www.qq.com', '', '4', '20', '1477647036', '1477647036', '1477647036', '00000000023', '00000000001', '1');
INSERT INTO `news` VALUES ('14', '3', '所有的成长，都因站对了地方', '不要犹豫，尽早认准大方向。消灭选择，义无反顾，认准长远，认定自己，然后想方设法找到你要奋斗的那个圈子，你会跟着这个圈子不断地往上走。', null, '<p>今天我想通过三个故事，来讲三个经济学基本道理。</p><p><span style=\\\"font-family: 微软雅黑; font-size: 14pt;\\\"><strong>第一个故事，它的主题词叫“消灭选择”。</strong></span></p><p>我出生在北京，幼儿园还没有毕业，就被送到了农村。上小学的第一天，同学们课间把我叫到了操场，我傻呵呵的刚过去，还没站稳呢，有一个同学悄悄地跑到我的身后，把我的裤子一拉，扒下来了。奇耻大辱！怎么办？找班主任。</p><p>我跟班主任告状，班主任讲的是方言我没听太懂，大概的意思是说——你小子真笨，连自个的裤子都保不住。</p><p>然后我就回家了，我心里非常明白，假如我告诉父母的话，我父母一点儿不同情我，一定会教育我说一定是你犯错误了，农民的孩子都很纯朴的，怎么会打你呢？</p><p><strong>所以我想我是没有选择，必须靠自己。怎么靠自己？三件事。</strong></p><p>第一件事，我找到我妈妈，你必须给我一个绳子，把我的裤子扎起来。</p><p>第二件事，我要跑，我打不赢，我要先能学会跑。</p><p>第三件事，我得观察孩子们怎么打架的。</p><p>最后，机会来了，一个月以后，我的班主任要我做值日。这时候这四五个人要打我，我先跟他们转悠，逮着一个机会，朝一个同学撞过去了。他没防备，头撞到了课桌上。</p><p>第二天，我的妈妈买了饼干，带着我到这位同学家去赔礼道歉。那是在一头牛的边上，那个味道一辈子我都没忘记！那是香味，我第一次尝到了胜利的甜头，从此以后，没有人敢随便欺负我了。</p><p>这件事情告诉我什么呢？在没有选择的情况下，人才能够被激发出来。</p><p>看我们年轻人，今天你们的问题，不是没有选择，而是选择太多了。我的很多学生，经常来问我，以后做什么，尤其是博士生。我说你读了博士都还没想清楚未来干什么这个有问题。</p><p>假如马云，考试成绩好一点，能考上一个很好的学校，读了金融，恐怕今天不见得要创业了吧？假如马云长得，像撒贝宁一半那么帅，有可能到个电视台当个主持了，就不创业了？所以我们的马云也好，刘强东也好，他们往往是被动地，消灭很多选择，背水一战。</p><p><span style=\\\"font-family: 微软雅黑; font-size: 14pt;\\\"><strong>第二个故事，它的主题词叫“人力资本”。</strong></span></p><p>1992年，我博士毕业了，在找工作。第一个去面试纽约大学，系主任当时决定要给我工作。一星期以后，密歇根大学经济系也给我打电话，说要请我去经济系工作。</p><p>于是我就碰到了一个选择的问题，纽约大学金融系，金融研究水平非常高，工资整整是密歇根大学的两倍，怎么办？其中纽约大学的系主任，碰巧是我一个同学的父亲，所以跟我讲话很直。“我给你付的工资是别人经济系的两倍，你来我这，你专门给我研究金融问题。甭搞你的中国经济研究！”</p><p>这句话在我脑子里反复回响，我当年选了经济学，想的是中国的事情。如果我去了纽约大学，只让我研究金融的问题，跟中国不直接搭界，我的未来会是怎么样呢？我会高兴吗？想到这儿，义无反顾去经济系。</p><p>为什么？用经济学的道理来讲，我想的是未来，是人力资本。什么叫人力资本？就是你未来的，获得幸福的能力。</p><p>从某种意义上讲我们每一位同学，你们不用买股票，你们已经有了一个大股票，就是你自己呀！你是你这只股票的CEO、董事长，你的导师、你的老师、你的父母、你的同学、都是你的持股者。所以你的主要的任务，今天应该是如何做好你的主营业务，如何让你未来更加快乐。</p><p>关于是否要逃离北京，今天我可能忍受，大城市的痛苦，但是未来我会更幸福。因为我在大城市，我获得了工作的机会、锻炼的机会。我认识了很多，跟我想法相像的年轻人，有很多导师来指导我。</p><p><span style=\\\"font-family: 微软雅黑; font-size: 14pt;\\\"><strong>第三个故事，它的主题词叫“圈子”。</strong></span></p><p>这是我一个非常好的朋友的故事。这位同学上个世纪八十年代中，在波士顿上大学。他一早就想清楚了要搞金融，怎么能够进入金融这个圈子呢？每一个周末，他坐着公共汽车去波士顿。</p><p>美国的公共汽车，可不是北京上海的五分钟一班呐，一小时一班呐！他需要背着干粮，带着牛奶，一走走一天。去波士顿的金融街，看大厅里看着那个门板，记下来这些公司的负责人，名字、部门是什么。之后找到公司的总部的这些总机，打电话过去，我要跟史密斯先生谈一谈，他是哪个部门的。总机的接线员一听，这小伙子还挺靠谱，放进去吧。于是他通过这种方式，跟华尔街在波士顿的分公司就接上头了。</p><p>很快就去这家公司做实习生了，再过五六年，他成了一个全球三大之一的投资银行的亚太部的总管，现在已经下海自己创业了。<br />那么这个故事在经济学是什么道理呢？经济学我们就叫它外部性、外溢性。</p><p>往往我们年轻人会有一种情结，经过我的奋斗，成功了，为什么这个圈子还有其他的人，这样跟我竞争啊？“瑜亮情结”，既生瑜何生亮。</p><p>这个道理经济学也告诉我们，不应该这么想，因为人才的成长都是集团性的。</p><p>所以最后我想总结告诉大家，不要犹豫，尽早认准大方向。消灭选择，义无反顾，认准长远，认定自己，然后想方设法找到你要奋斗的那个圈子，你会跟着这个圈子不断地往上走。</p><p>所有的成长，都是因为站对了地方。</p><p>2016，各位，成长愉快。</p><p>&nbsp;</p><p>本文作者李稻葵，美国哈佛大学经济学博士，清华大学经济管理学院经济学讲席教授，博士生导师。本文是他在央视节目《开讲啦》的演讲稿。</p>', '1', '1', '2', '腾讯网', 'http://www.qq.com', '', '1', '20', '1477647036', '1477647036', '1477647036', '00000000023', '00000000001', '1');
INSERT INTO `news` VALUES ('15', '2', '这是新闻资讯的标题', '这是新闻资讯的描述信息', '这是新闻资讯的关键词', '这是新闻资讯的内容', '2', '1', '3', '姚永工作室', 'http://www.ken.com', 'http://www.ken.com/filelink.html', '1', '343', '1477675603', '1477675603', '1477675394', '00000000131', '00000000023', '0');
INSERT INTO `news` VALUES ('16', '2', '这是新闻资讯的标题', '这是新闻资讯的描述信息', '这是新闻资讯的关键词', '这是新闻资讯的内容', '2', '1', '3', '姚永工作室', 'http://www.ken.com', 'http://www.ken.com/filelink.html', '1', '343', '1477675749', '1477675749', '1477675394', '00000000131', '00000000023', '1');
INSERT INTO `news` VALUES ('18', '2', '修改新闻标题', null, null, '修改新闻内容', '1', '0', '0', null, null, null, '3', null, '1477756366', '1477756623', null, null, null, '0');
INSERT INTO `news` VALUES ('19', '2', '添加新闻标题', null, null, '添加新闻内容', '1', '1', '0', null, null, null, '3', null, '1477756663', '1477756663', null, null, null, '0');
INSERT INTO `news` VALUES ('20', '2', '添加新闻标题', null, null, '添加新闻内容', '1', '1', '0', null, null, null, '2', null, '1477758847', '1477758847', null, null, null, '0');

-- ----------------------------
-- Table structure for news_categories
-- ----------------------------
DROP TABLE IF EXISTS `news_categories`;
CREATE TABLE `news_categories` (
  `cat_id` int(10) unsigned NOT NULL AUTO_INCREMENT COMMENT '新闻类别ID',
  `cat_name` varchar(20) NOT NULL,
  `cat_group` smallint(6) unsigned zerofill DEFAULT NULL COMMENT '系统分组',
  `parent_id` smallint(6) unsigned zerofill NOT NULL COMMENT '父级ID',
  `type` tinyint(1) unsigned NOT NULL COMMENT '类型：1为分类，2为标签',
  PRIMARY KEY (`cat_id`)
) ENGINE=InnoDB AUTO_INCREMENT=4 DEFAULT CHARSET=utf8;

-- ----------------------------
-- Records of news_categories
-- ----------------------------
INSERT INTO `news_categories` VALUES ('1', '财经', null, '000000', '0');
INSERT INTO `news_categories` VALUES ('2', '军事', null, '000000', '0');
INSERT INTO `news_categories` VALUES ('3', '科技', null, '000000', '0');

-- ----------------------------
-- Table structure for news_comments
-- ----------------------------
DROP TABLE IF EXISTS `news_comments`;
CREATE TABLE `news_comments` (
  `comment_id` bigint(20) unsigned NOT NULL AUTO_INCREMENT COMMENT '新闻评论ID',
  `news_id` bigint(20) NOT NULL COMMENT '新闻ID',
  `user_id` bigint(20) NOT NULL COMMENT '用户ID',
  `comment_content` text NOT NULL COMMENT '评论内容',
  `comment_is_show` tinyint(1) unsigned zerofill NOT NULL COMMENT '是否显示',
  `create_time` int(11) unsigned zerofill DEFAULT NULL COMMENT '评论时间',
  `update_time` int(11) unsigned zerofill DEFAULT NULL,
  `comment_good_count` int(10) unsigned zerofill DEFAULT NULL,
  `comment_bad_count` int(10) unsigned zerofill DEFAULT NULL,
  PRIMARY KEY (`comment_id`)
) ENGINE=InnoDB AUTO_INCREMENT=19 DEFAULT CHARSET=utf8;

-- ----------------------------
-- Records of news_comments
-- ----------------------------
INSERT INTO `news_comments` VALUES ('1', '1', '1', '真是好文章', '1', '01477742314', '01477742314', null, null);
INSERT INTO `news_comments` VALUES ('2', '1', '2', '顶...', '1', '01477742337', '01477742337', null, null);
INSERT INTO `news_comments` VALUES ('3', '1', '1', '好啊', '1', '01477742337', '01477742337', null, null);
INSERT INTO `news_comments` VALUES ('4', '2', '1', '不错', '1', '01477742337', '01477742337', null, null);
INSERT INTO `news_comments` VALUES ('5', '2', '1', '赞一个', '1', '01477742337', '01477742337', null, null);
INSERT INTO `news_comments` VALUES ('6', '2', '2', '真是好文章', '1', '01477742337', '01477742337', null, null);
INSERT INTO `news_comments` VALUES ('7', '1', '3', '哈哈，说得好', '1', '01477742337', '01477742337', null, null);
INSERT INTO `news_comments` VALUES ('8', '1', '1', '试一下喽', '1', '01477752529', '01477752529', null, null);
INSERT INTO `news_comments` VALUES ('9', '2', '2', '真的吗？', '0', '01477752547', '01477752547', null, null);
INSERT INTO `news_comments` VALUES ('12', '1', '1', '试一下喽', '1', '01477752952', '01477752952', null, null);
INSERT INTO `news_comments` VALUES ('13', '1', '0', '试一下喽', '1', '01477753087', '01477753087', null, null);
INSERT INTO `news_comments` VALUES ('14', '1', '0', '试一下喽', '1', '01477753145', '01477753145', null, null);
INSERT INTO `news_comments` VALUES ('15', '1', '0', '试一下喽', '1', '01477753695', '01477753695', null, null);
INSERT INTO `news_comments` VALUES ('16', '1', '1', '试试验证器', '1', '01477755304', '01477755304', null, null);
INSERT INTO `news_comments` VALUES ('17', '1', '1', '试试验证器11', '1', '01477755625', '01477755625', null, null);
INSERT INTO `news_comments` VALUES ('18', '1', '1', '试试验证器11', '1', '01477755707', '01477755707', null, null);

-- ----------------------------
-- Table structure for news_images
-- ----------------------------
DROP TABLE IF EXISTS `news_images`;
CREATE TABLE `news_images` (
  `img_id` bigint(20) unsigned NOT NULL AUTO_INCREMENT COMMENT '新闻图片ID',
  `img_title` varchar(100) DEFAULT NULL COMMENT '新闻图片标题',
  `img_thumbUrl` varchar(255) NOT NULL COMMENT '新闻图片缩略图地址',
  `img_commonUrl` varchar(255) NOT NULL COMMENT '新闻图片地址',
  `img_originUrl` varchar(255) NOT NULL COMMENT '新闻图片原地址',
  `img_thumbWidth` smallint(5) DEFAULT NULL COMMENT '图片缩略图宽度',
  `img_thumbHeight` smallint(5) DEFAULT NULL COMMENT '图片缩略图高度',
  `img_commonWidth` smallint(5) DEFAULT NULL COMMENT '图片通用宽度',
  `img_commonHeight` smallint(5) DEFAULT NULL COMMENT '图片通用高度',
  `img_originWidth` smallint(5) DEFAULT NULL COMMENT '图片原宽度',
  `img_originHeight` smallint(5) DEFAULT NULL COMMENT '图片原高度',
  `create_time` int(11) unsigned zerofill DEFAULT NULL,
  `update_time` int(11) unsigned zerofill DEFAULT NULL,
  PRIMARY KEY (`img_id`)
) ENGINE=InnoDB AUTO_INCREMENT=5 DEFAULT CHARSET=utf8;

-- ----------------------------
-- Records of news_images
-- ----------------------------
INSERT INTO `news_images` VALUES ('1', '图片1', 'http://www.tp5.com/static/img/1_s.jpg', 'http://www.tp5.com/static/img/1_m.jpg', 'http://www.tp5.com/static/img/1_o.jpg', '220', '144', '320', '178', '640', '356', '01477675603', '01477675603');
INSERT INTO `news_images` VALUES ('2', '图片2', 'http://www.tp5.com/static/img/2_s.jpg', 'http://www.tp5.com/static/img/2_m.jpg', 'http://www.tp5.com/static/img/2_o.jpg', '220', '144', '320', '178', '630', '350', '01477675603', '01477675603');
INSERT INTO `news_images` VALUES ('3', '图片3', 'http://www.tp5.com/static/img/3_s.jpg', 'http://www.tp5.com/static/img/3_m.jpg', 'http://www.tp5.com/static/img/3_o.jpg', '220', '144', '320', '178', '640', '356', '01477675603', '01477675603');
INSERT INTO `news_images` VALUES ('4', '图片4', 'http://www.tp5.com/static/img/4_s.jpg', 'http://www.tp5.com/static/img/4_m.jpg', 'http://www.tp5.com/static/img/4_o.jpg', '220', '144', '320', '178', '640', '356', '01477675603', '01477675603');

-- ----------------------------
-- Table structure for user
-- ----------------------------
DROP TABLE IF EXISTS `user`;
CREATE TABLE `user` (
  `user_id` int(11) NOT NULL AUTO_INCREMENT COMMENT 'ID',
  `user_password` varchar(32) NOT NULL COMMENT '密码',
  `user_name` varchar(20) NOT NULL COMMENT '帐户名',
  `user_sex` tinyint(1) unsigned DEFAULT NULL COMMENT '性别',
  `user_email` varchar(60) DEFAULT NULL,
  `user_birthday` int(11) unsigned zerofill DEFAULT NULL COMMENT '生日',
  `user_mobile` varchar(20) NOT NULL COMMENT '手机',
  `user_qq` varchar(20) DEFAULT NULL COMMENT 'QQ',
  `user_headpic` varchar(255) DEFAULT NULL COMMENT '头像',
  `user_province` int(6) DEFAULT NULL COMMENT '省',
  `user_city` int(6) DEFAULT NULL COMMENT '城市',
  `user_district` int(6) DEFAULT NULL COMMENT '市区',
  `user_address_id` mediumint(8) unsigned zerofill DEFAULT NULL COMMENT '默认收货地址',
  `user_nickname` varchar(50) DEFAULT NULL COMMENT '昵称',
  `user_level` tinyint(1) DEFAULT NULL COMMENT '会员级别',
  `user_discount` decimal(10,2) DEFAULT '1.00' COMMENT '用户折扣',
  `user_token` varchar(64) DEFAULT NULL COMMENT 'token',
  `create_time` int(11) unsigned zerofill DEFAULT NULL,
  `update_time` int(11) unsigned zerofill DEFAULT NULL COMMENT '注册时间',
  `user_last_login` int(11) unsigned zerofill DEFAULT NULL COMMENT '最后登录时间',
  `user_last_ip` varchar(15) DEFAULT NULL COMMENT '最后登录IP',
  `user_oauth` varchar(10) DEFAULT NULL COMMENT '第三方授权来源：wx/weibo/alipay',
  `user_openid` varchar(100) DEFAULT NULL COMMENT '第三方标示',
  `user_islock` tinyint(1) unsigned NOT NULL COMMENT '是否被锁定冻结',
  `user_email_validated` tinyint(1) unsigned DEFAULT NULL COMMENT '是否验证邮箱',
  `user_money` decimal(10,2) unsigned zerofill DEFAULT NULL COMMENT '用户金额',
  `user_pay_points` int(10) unsigned DEFAULT NULL COMMENT '消费积分',
  `user_frozen_money` decimal(10,2) DEFAULT NULL COMMENT '冻结金额',
  `user_validcode` tinyint(6) unsigned DEFAULT NULL,
  PRIMARY KEY (`user_id`)
) ENGINE=InnoDB AUTO_INCREMENT=7 DEFAULT CHARSET=utf8;

-- ----------------------------
-- Records of user
-- ----------------------------
INSERT INTO `user` VALUES ('1', '123456', 'ken', '0', 'ken@ken.com', null, '13800138000', null, 'http://www.tp5.com/static/img/headpic2.jpg', null, null, null, null, null, null, '1.00', 'acdfgklmqtuxyzACEGJKLOPRSYZ12359', null, null, null, null, null, null, '0', null, null, null, null, null);
INSERT INTO `user` VALUES ('2', '123456', 'yaoyon', '0', 'yaoyon@yaoyon.com', null, '13900139000', null, 'http://www.tp5.com/static/img/headpic4.jpg', null, null, null, null, null, null, '1.00', null, null, null, null, null, null, null, '0', null, null, null, null, null);
INSERT INTO `user` VALUES ('3', '123456', 'yaoyonstudio', '0', 'yaoyonstudio@ken.com', null, '13600136000', null, 'http://www.tp5.com/static/img/headpic3.jpg', null, null, null, null, null, null, '1.00', null, null, null, null, null, null, null, '0', null, null, null, null, null);
INSERT INTO `user` VALUES ('4', 'e10adc3949ba59abbe56e057f20f883e', 'test1', null, null, null, '13000130000', null, null, null, null, null, null, null, null, '1.00', 'bcdfghikmostuwzEGILNOPQRSTUX4789', '01477802484', '01477802484', null, null, null, null, '0', null, null, null, null, null);
INSERT INTO `user` VALUES ('5', 'e10adc3949ba59abbe56e057f20f883e', 'test2', null, null, null, '13000130001', null, null, null, null, null, null, null, null, '1.00', 'acdefhklmnopruvwxyCDFGKLNRUX2367', '01477803027', '01477803027', '01477807073', null, null, null, '0', null, null, null, null, null);
INSERT INTO `user` VALUES ('6', 'e10adc3949ba59abbe56e057f20f883e', 'test3', null, null, null, '13000130002', null, null, null, null, null, null, null, null, '1.00', null, '01477805947', '01477805947', null, null, null, null, '0', null, null, null, null, null);
